Name,Type,Population 2020,Land area sq mi,Land area km2,Population density
Chicago,City,"2,746,388",227.73,589.8,"12,059.8/sq mi (4,656.3/km2)"
Aurora,City,"180,542",45.023,116.61,"4,010.0/sq mi (1,548.3/km2)"
Joliet,City,"150,362",64.516,167.1,"2,330.6/sq mi (899.9/km2)"
Naperville,City,"149,540",39.077,101.21,"3,826.8/sq mi (1,477.5/km2)"
Rockford,City,"148,655",64.544,167.17,"2,303.2/sq mi (889.3/km2)"
Elgin,City,"114,797",38.027,98.49,"3,018.8/sq mi (1,165.6/km2)"
Springfield‡[d],City,"114,394",61.138,158.35,"1,871.1/sq mi (722.4/km2)"
Peoria,City,"113,150",47.965,124.23,"2,359.0/sq mi (910.8/km2)"
Waukegan,City,"89,321",24.225,62.74,"3,687.1/sq mi (1,423.6/km2)"
Champaign,City,"88,302",22.928,59.38,"3,851.3/sq mi (1,487.0/km2)"
Cicero,Town,"85,268",5.865,15.19,"14,538.4/sq mi (5,613.3/km2)"
Schaumburg,Village,"78,723",19.293,49.97,"4,080.4/sq mi (1,575.4/km2)"
Bloomington,City,"78,680",27.129,70.26,"2,900.2/sq mi (1,119.8/km2)"
Evanston,City,"78,110",7.779,20.15,"10,041.1/sq mi (3,876.9/km2)"
Arlington Heights,Village,"77,676",16.605,43.01,"4,677.9/sq mi (1,806.1/km2)"
Bolingbrook,Village,"73,922",24.845,64.35,"2,975.3/sq mi (1,148.8/km2)"
Decatur,City,"70,522",42.894,111.09,"1,644.1/sq mi (634.8/km2)"
Palatine,Village,"67,908",13.598,35.22,"4,994.0/sq mi (1,928.2/km2)"
Skokie,Village,"67,824",10.064,26.07,"6,739.3/sq mi (2,602.0/km2)"
Des Plaines,City,"60,675",14.238,36.88,"4,261.5/sq mi (1,645.4/km2)"
Orland Park,Village,"58,703",22.028,57.05,"2,664.9/sq mi (1,028.9/km2)"
Oak Lawn,Village,"58,362",8.571,22.2,"6,809.2/sq mi (2,629.1/km2)"
Berwyn,City,"57,250",3.904,10.11,"14,664.4/sq mi (5,662.0/km2)"
Mount Prospect,Village,"56,852",10.719,27.76,"5,303.9/sq mi (2,047.8/km2)"
Tinley Park,Village,"55,971",16.096,41.69,"3,477.3/sq mi (1,342.6/km2)"
Oak Park,Village,"54,583",4.7,12.17,"11,613.4/sq mi (4,484.0/km2)"
Wheaton,City,"53,970",11.319,29.32,"4,768.1/sq mi (1,841.0/km2)"
Normal,Town,"52,736",18.296,47.39,"2,882.4/sq mi (1,112.9/km2)"
Hoffman Estates,Village,"52,530",21.065,54.56,"2,493.7/sq mi (962.8/km2)"
Downers Grove,Village,"50,247",14.643,37.93,"3,431.5/sq mi (1,324.9/km2)"
Glenview,Village,"48,705",14.001,36.26,"3,478.7/sq mi (1,343.1/km2)"
Elmhurst,City,"45,786",10.218,26.46,"4,480.9/sq mi (1,730.1/km2)"
Plainfield,Village,"44,762",24.722,64.03,"1,810.6/sq mi (699.1/km2)"
Lombard,Village,"44,476",10.22,26.47,"4,351.9/sq mi (1,680.3/km2)"
Buffalo Grove,Village,"43,212",9.563,24.77,"4,518.7/sq mi (1,744.7/km2)"
Moline,City,"42,985",16.753,43.39,"2,565.8/sq mi (990.7/km2)"
Belleville,City,"42,404",23.222,60.14,"1,826.0/sq mi (705.0/km2)"
Bartlett,Village,"41,105",15.726,40.73,"2,613.8/sq mi (1,009.2/km2)"
DeKalb,City,"40,290",16.15,41.83,"2,494.7/sq mi (963.2/km2)"
Crystal Lake,City,"40,269",18.918,49,"2,128.6/sq mi (821.9/km2)"
Romeoville,Village,"39,863",19.074,49.4,"2,089.9/sq mi (806.9/km2)"
Carol Stream,Village,"39,854",9.119,23.62,"4,370.4/sq mi (1,687.4/km2)"
Park Ridge,City,"39,656",7.088,18.36,"5,594.8/sq mi (2,160.2/km2)"
Streamwood,Village,"39,577",7.798,20.2,"5,075.3/sq mi (1,959.6/km2)"
Quincy,City,"39,463",15.765,40.83,"2,503.2/sq mi (966.5/km2)"
Wheeling,Village,"39,137",8.672,22.46,"4,513.0/sq mi (1,742.5/km2)"
Urbana,City,"38,336",11.83,30.64,"3,240.6/sq mi (1,251.2/km2)"
Carpentersville,Village,"37,983",7.883,20.42,"4,818.3/sq mi (1,860.4/km2)"
Hanover Park,Village,"37,470",6.422,16.63,"5,834.6/sq mi (2,252.8/km2)"
Rock Island,City,"37,108",16.872,43.7,"2,199.4/sq mi (849.2/km2)"
Calumet City,City,"36,033",7.181,18.6,"5,017.8/sq mi (1,937.4/km2)"
Addison,Village,"35,702",9.829,25.46,"3,632.3/sq mi (1,402.4/km2)"
Northbrook,Village,"35,222",13.24,34.29,"2,660.3/sq mi (1,027.1/km2)"
Oswego,Village,"34,585",14.888,38.56,"2,323.0/sq mi (896.9/km2)"
Woodridge,Village,"34,158",9.645,24.98,"3,541.5/sq mi (1,367.4/km2)"
Glendale Heights,Village,"33,176",5.385,13.95,"6,160.8/sq mi (2,378.7/km2)"
St. Charles,City,"33,081",14.401,37.3,"2,297.1/sq mi (886.9/km2)"
Elk Grove Village,Village,"32,812",11.639,30.14,"2,819.1/sq mi (1,088.5/km2)"
O'Fallon,City,"32,289",15.559,40.3,"2,075.3/sq mi (801.3/km2)"
Pekin,City,"31,731",15.716,40.7,"2,019.0/sq mi (779.5/km2)"
Mundelein,Village,"31,560",9.585,24.83,"3,292.6/sq mi (1,271.3/km2)"
Niles,Village,"30,912",5.848,15.15,"5,285.9/sq mi (2,040.9/km2)"
North Chicago,City,"30,759",7.993,20.7,"3,848.2/sq mi (1,485.8/km2)"
Gurnee,Village,"30,706",13.503,34.97,"2,274.0/sq mi (878.0/km2)"
Highland Park,City,"30,176",12.241,31.7,"2,465.2/sq mi (951.8/km2)"
Galesburg,City,"30,052",17.743,45.95,"1,693.7/sq mi (654.0/km2)"
Algonquin,Village,"29,700",12.302,31.86,"2,414.2/sq mi (932.1/km2)"
Burbank,City,"29,439",4.17,10.8,"7,059.7/sq mi (2,725.8/km2)"
Danville,City,"29,204",17.856,46.25,"1,635.5/sq mi (631.5/km2)"
Lansing,Village,"29,076",7.462,19.33,"3,896.5/sq mi (1,504.5/km2)"
Lake in the Hills,Village,"28,982",10.203,26.43,"2,840.5/sq mi (1,096.7/km2)"
Glen Ellyn,Village,"28,846",6.85,17.74,"4,211.1/sq mi (1,625.9/km2)"
Wilmette,Village,"28,170",5.403,13.99,"5,213.8/sq mi (2,013.0/km2)"
Huntley,Village,"27,740",14.289,37.01,"1,941.4/sq mi (749.6/km2)"
Granite City,City,"27,549",19.024,49.27,"1,448.1/sq mi (559.1/km2)"
Chicago Heights,City,"27,480",10.283,26.63,"2,672.4/sq mi (1,031.8/km2)"
Oak Forest,City,"27,478",6.021,15.59,"4,563.7/sq mi (1,762.1/km2)"
Round Lake Beach,Village,"27,252",5.044,13.06,"5,402.9/sq mi (2,086.1/km2)"
New Lenox,Village,"27,214",15.722,40.72,"1,731.0/sq mi (668.3/km2)"
McHenry,City,"27,135",14.499,37.55,"1,871.5/sq mi (722.6/km2)"
Vernon Hills,Village,"26,850",7.741,20.05,"3,468.5/sq mi (1,339.2/km2)"
Edwardsville,City,"26,808",19.811,51.31,"1,353.2/sq mi (522.5/km2)"
Batavia,City,"26,098",10.616,27.5,"2,458.4/sq mi (949.2/km2)"
Lockport,City,"26,094",11.53,29.86,"2,263.1/sq mi (873.8/km2)"
Alton,City,"25,676",15.681,40.61,"1,637.4/sq mi (632.2/km2)"
Woodstock,City,"25,630",13.187,34.15,"1,943.6/sq mi (750.4/km2)"
West Chicago,City,"25,614",15.376,39.82,"1,665.8/sq mi (643.2/km2)"
Belvidere,City,"25,339",12.064,31.25,"2,100.4/sq mi (811.0/km2)"
Morton Grove,Village,"25,297",5.088,13.18,"4,971.9/sq mi (1,919.7/km2)"
Melrose Park,Village,"24,796",4.353,11.27,"5,696.3/sq mi (2,199.4/km2)"
Zion,City,"24,655",9.904,25.65,"2,489.4/sq mi (961.2/km2)"
Homer Glen,Village,"24,543",22.125,57.3,"1,109.3/sq mi (428.3/km2)"
Elmwood Park,Village,"24,521",1.908,4.94,"12,851.7/sq mi (4,962.1/km2)"
Westmont,Village,"24,429",5.004,12.96,"4,881.9/sq mi (1,884.9/km2)"
Collinsville,City,"24,366",15.077,39.05,"1,616.1/sq mi (624.0/km2)"
Lisle,Village,"24,223",6.901,17.87,"3,510.1/sq mi (1,355.2/km2)"
Rolling Meadows,City,"24,200",5.616,14.55,"4,309.1/sq mi (1,663.8/km2)"
Kankakee,City,"24,052",15.057,39,"1,597.4/sq mi (616.8/km2)"
Freeport,City,"23,973",11.881,30.77,"2,017.8/sq mi (779.1/km2)"
South Elgin,Village,"23,865",7.06,18.29,"3,380.3/sq mi (1,305.1/km2)"
Maywood,Village,"23,512",2.717,7.04,"8,653.7/sq mi (3,341.2/km2)"
Loves Park,City,"23,397",16.325,42.28,"1,433.2/sq mi (553.4/km2)"
Machesney Park,Village,"22,950",12.685,32.85,"1,809.2/sq mi (698.5/km2)"
Roselle,Village,"22,897",5.537,14.34,"4,135.3/sq mi (1,596.6/km2)"
Blue Island,City,"22,558",4.071,10.54,"5,541.1/sq mi (2,139.4/km2)"
East Peoria,City,"22,484",20.411,52.86,"1,101.6/sq mi (425.3/km2)"
Bloomingdale,Village,"22,382",6.766,17.52,"3,308.0/sq mi (1,277.2/km2)"
Villa Park,Village,"22,263",4.723,12.23,"4,713.7/sq mi (1,820.0/km2)"
Darien,City,"22,011",6.171,15.98,"3,566.8/sq mi (1,377.2/km2)"
Carbondale,City,"21,857",17.397,45.06,"1,256.4/sq mi (485.1/km2)"
Park Forest,Village,"21,687",4.961,12.85,"4,371.5/sq mi (1,687.8/km2)"
Yorkville,City,"21,533",19.997,51.79,"1,076.8/sq mi (415.8/km2)"
South Holland,Village,"21,465",7.236,18.74,"2,966.4/sq mi (1,145.3/km2)"
Dolton,Village,"21,426",4.571,11.84,"4,687.4/sq mi (1,809.8/km2)"
Geneva,City,"21,393",9.919,25.69,"2,156.8/sq mi (832.7/km2)"
East Moline,City,"21,374",14.596,37.8,"1,464.4/sq mi (565.4/km2)"
Grayslake,Village,"21,248",10.9,28.23,"1,949.4/sq mi (752.7/km2)"
Libertyville,Village,"20,579",8.808,22.81,"2,336.4/sq mi (902.1/km2)"
Crest Hill,City,"20,459",9.052,23.44,"2,260.2/sq mi (872.7/km2)"
Harvey,City,"20,324",6.206,16.07,"3,274.9/sq mi (1,264.4/km2)"
Frankfort,Village,"20,296",15.788,40.89,"1,285.5/sq mi (496.3/km2)"
Montgomery,Village,"20,262",9.299,24.08,"2,178.9/sq mi (841.3/km2)"
Evergreen Park,Village,"19,943",3.163,8.19,"6,305.1/sq mi (2,434.4/km2)"
Mokena,Village,"19,887",8.689,22.5,"2,288.8/sq mi (883.7/km2)"
Lake Zurich,Village,"19,759",6.868,17.79,"2,877.0/sq mi (1,110.8/km2)"
Brookfield,Village,"19,476",3.064,7.94,"6,356.4/sq mi (2,454.2/km2)"
Homewood,Village,"19,463",5.216,13.51,"3,731.4/sq mi (1,440.7/km2)"
Lake Forest,City,"19,367",17.2,44.55,"1,126.0/sq mi (434.7/km2)"
Deerfield,Village,"19,196",5.528,14.32,"3,472.5/sq mi (1,340.7/km2)"
Matteson,Village,"19,073",9.285,24.05,"2,054.2/sq mi (793.1/km2)"
Alsip,Village,"19,063",6.525,16.9,"2,921.5/sq mi (1,128.0/km2)"
Ottawa,City,"18,840",14.657,37.96,"1,285.4/sq mi (496.3/km2)"
Bensenville,Village,"18,813",5.53,14.32,"3,402.0/sq mi (1,313.5/km2)"
Bellwood,Village,"18,789",2.398,6.21,"7,835.3/sq mi (3,025.2/km2)"
Round Lake,Village,"18,721",5.557,14.39,"3,368.9/sq mi (1,300.7/km2)"
Sycamore,City,"18,577",10.12,26.21,"1,835.7/sq mi (708.8/km2)"
Palos Hills,City,"18,530",4.246,11,"4,364.1/sq mi (1,685.0/km2)"
East St. Louis,City,"18,469",13.919,36.05,"1,326.9/sq mi (512.3/km2)"
Franklin Park,Village,"18,467",4.772,12.36,"3,869.9/sq mi (1,494.2/km2)"
North Aurora,Village,"18,261",7.557,19.57,"2,416.4/sq mi (933.0/km2)"
Shorewood,Village,"18,186",8.069,20.9,"2,253.8/sq mi (870.2/km2)"
Bourbonnais,Village,"18,164",9.312,24.12,"1,950.6/sq mi (753.1/km2)"
Cary,Village,"17,826",6.232,16.14,"2,860.4/sq mi (1,104.4/km2)"
Godfrey,Village,"17,825",34.395,89.08,518.2/sq mi (200.1/km2)
Lemont,Village,"17,629",8.321,21.55,"2,118.6/sq mi (818.0/km2)"
Jacksonville,City,"17,616",10.563,27.36,"1,667.7/sq mi (643.9/km2)"
Hinsdale,Village,"17,395",4.623,11.97,"3,762.7/sq mi (1,452.8/km2)"
Charleston,City,"17,286",8.884,23.01,"1,945.7/sq mi (751.3/km2)"
Morton,Village,"17,117",12.808,33.17,"1,336.4/sq mi (516.0/km2)"
Bridgeview,Village,"17,027",4.133,10.7,"4,119.8/sq mi (1,590.7/km2)"
Westchester,Village,"16,892",3.686,9.55,"4,582.7/sq mi (1,769.4/km2)"
Mattoon,City,"16,870",10.314,26.71,"1,635.6/sq mi (631.5/km2)"
Marion,City,"16,855",14.392,37.28,"1,171.1/sq mi (452.2/km2)"
Country Club Hills,City,"16,775",4.97,12.87,"3,375.3/sq mi (1,303.2/km2)"
Fairview Heights,City,"16,706",11.431,29.61,"1,461.5/sq mi (564.3/km2)"
La Grange,Village,"16,321",2.525,6.54,"6,463.8/sq mi (2,495.7/km2)"
Washington,City,"16,071",8.541,22.12,"1,881.6/sq mi (726.5/km2)"
Prospect Heights,City,"16,058",4.256,11.02,"3,773.0/sq mi (1,456.8/km2)"
Bradley,Village,"15,419",6.932,17.95,"2,224.3/sq mi (858.8/km2)"
Dixon,City,"15,274",7.752,20.08,"1,970.3/sq mi (760.7/km2)"
Norridge,Village,"15,251",1.808,4.68,"8,435.3/sq mi (3,256.9/km2)"
Macomb,City,"15,051",10.57,27.38,"1,423.9/sq mi (549.8/km2)"
Sterling,City,"14,764",5.791,15,"2,549.5/sq mi (984.4/km2)"
Antioch,Village,"14,622",8.213,21.27,"1,780.3/sq mi (687.4/km2)"
Mount Vernon,City,"14,600",14.583,37.77,"1,001.2/sq mi (386.6/km2)"
Hickory Hills,City,"14,505",2.844,7.37,"5,100.2/sq mi (1,969.2/km2)"
Chicago Ridge,Village,"14,433",2.268,5.87,"6,363.8/sq mi (2,457.1/km2)"
Lindenhurst,Village,"14,406",4.527,11.72,"3,182.2/sq mi (1,228.7/km2)"
Swansea,Village,"14,386",6.477,16.78,"2,221.1/sq mi (857.6/km2)"
Chatham,Village,"14,377",7.364,19.07,"1,952.3/sq mi (753.8/km2)"
Forest Park,Village,"14,339",2.402,6.22,"5,969.6/sq mi (2,304.9/km2)"
Midlothian,Village,"14,325",2.819,7.3,"5,081.6/sq mi (1,962.0/km2)"
Beach Park,Village,"14,249",7.079,18.33,"2,012.9/sq mi (777.2/km2)"
Morris,City,"14,163",9.909,25.66,"1,429.3/sq mi (551.9/km2)"
Shiloh,Village,"14,098",11.032,28.57,"1,277.9/sq mi (493.4/km2)"
Wauconda,Village,"14,084",5.072,13.14,"2,776.8/sq mi (1,072.1/km2)"
Wood Dale,City,"14,012",4.783,12.39,"2,929.5/sq mi (1,131.1/km2)"
Glen Carbon,Village,"13,842",10.25,26.55,"1,350.4/sq mi (521.4/km2)"
Western Springs,Village,"13,629",2.785,7.21,"4,893.7/sq mi (1,889.5/km2)"
Warrenville,City,"13,553",5.46,14.14,"2,482.2/sq mi (958.4/km2)"
La Grange Park,Village,"13,475",2.233,5.78,"6,034.5/sq mi (2,329.9/km2)"
Lincolnwood,Village,"13,463",2.692,6.97,"5,001.1/sq mi (1,930.9/km2)"
Channahon,Village,"13,383",15.622,40.46,856.7/sq mi (330.8/km2)
Hazel Crest,Village,"13,382",3.397,8.8,"3,939.4/sq mi (1,521.0/km2)"
Lincoln,City,"13,288",6.247,16.18,"2,127.1/sq mi (821.3/km2)"
Canton,City,"13,242",7.858,20.35,"1,685.2/sq mi (650.6/km2)"
Northlake,City,"12,840",3.176,8.23,"4,042.8/sq mi (1,560.9/km2)"
Richton Park,Village,"12,775",4.392,11.38,"2,908.7/sq mi (1,123.1/km2)"
Minooka,Village,"12,758",9.405,24.36,"1,356.5/sq mi (523.8/km2)"
Winnetka,Village,"12,744",3.811,9.87,"3,344.0/sq mi (1,291.1/km2)"
Justice,Village,"12,600",2.84,7.36,"4,436.6/sq mi (1,713.0/km2)"
Kewanee,City,"12,509",6.597,17.09,"1,896.2/sq mi (732.1/km2)"
Streator,City,"12,500",7.293,18.89,"1,714.0/sq mi (661.8/km2)"
Rantoul,Village,"12,371",8.49,21.99,"1,457.1/sq mi (562.6/km2)"
Herrin,City,"12,352",9.673,25.05,"1,277.0/sq mi (493.0/km2)"
Effingham,City,"12,252",10.309,26.7,"1,188.5/sq mi (458.9/km2)"
Centralia,City,"12,182",8.2,21.24,"1,485.6/sq mi (573.6/km2)"
Cahokia[a],Village,"12,096",9.753,25.26,"1,240.2/sq mi (478.9/km2)"
Palos Heights,City,"12,068",3.774,9.77,"3,197.7/sq mi (1,234.6/km2)"
Plano,City,"11,847",8.979,23.26,"1,319.4/sq mi (509.4/km2)"
River Forest,Village,"11,717",2.48,6.42,"4,724.6/sq mi (1,824.2/km2)"
Schiller Park,Village,"11,709",2.77,7.17,"4,227.1/sq mi (1,632.1/km2)"
Markham,City,"11,661",5.405,14,"2,157.4/sq mi (833.0/km2)"
Burr Ridge,Village,"11,192",7.143,18.5,"1,566.8/sq mi (605.0/km2)"
Summit,Village,"11,161",2.119,5.49,"5,267.1/sq mi (2,033.6/km2)"
Pontiac,City,"11,150",8.382,21.71,"1,330.2/sq mi (513.6/km2)"
Waterloo,City,"11,013",8.132,21.06,"1,354.3/sq mi (522.9/km2)"
Columbia,City,"10,999",10.303,26.68,"1,067.6/sq mi (412.2/km2)"
Roscoe,Village,"10,983",10.265,26.59,"1,069.9/sq mi (413.1/km2)"
Fox Lake,Village,"10,978",7.833,20.29,"1,401.5/sq mi (541.1/km2)"
Worth,Village,"10,970",2.369,6.14,"4,630.6/sq mi (1,787.9/km2)"
Troy,City,"10,960",5.62,14.56,"1,950.2/sq mi (753.0/km2)"
Campton Hills,Village,"10,885",16.89,43.74,644.5/sq mi (248.8/km2)
Crestwood,Village,"10,826",3.049,7.9,"3,550.7/sq mi (1,370.9/km2)"
Lyons,Village,"10,817",2.207,5.72,"4,901.2/sq mi (1,892.4/km2)"
Barrington,Village,"10,722",4.608,11.93,"2,326.8/sq mi (898.4/km2)"
Riverdale,Village,"10,663",3.575,9.26,"2,982.7/sq mi (1,151.6/km2)"
River Grove,Village,"10,612",2.391,6.19,"4,438.3/sq mi (1,713.6/km2)"
Taylorville,City,"10,506",10.315,26.72,"1,018.5/sq mi (393.3/km2)"
Wood River,City,"10,464",6.975,18.07,"1,500.2/sq mi (579.2/km2)"
Pingree Grove,Village,"10,365",3.637,9.42,"2,849.9/sq mi (1,100.3/km2)"
Highland,City,"9,991",6.751,17.49,"1,479.9/sq mi (571.4/km2)"
Sauk Village,Village,"9,921",3.992,10.34,"2,485.2/sq mi (959.5/km2)"
Peru,City,"9,896",9.987,25.87,990.9/sq mi (382.6/km2)
Winfield,Village,"9,835",3.09,8,"3,182.8/sq mi (1,228.9/km2)"
Flossmoor,Village,"9,704",3.661,9.48,"2,650.6/sq mi (1,023.4/km2)"
Steger,Village,"9,584",3.404,8.82,"2,815.5/sq mi (1,087.1/km2)"
LaSalle,City,"9,582",13.457,34.85,712.0/sq mi (274.9/km2)
Itasca,Village,"9,543",5.022,13.01,"1,900.2/sq mi (733.7/km2)"
Harvard,City,"9,469",8.355,21.64,"1,133.3/sq mi (437.6/km2)"
Rochelle,City,"9,446",13.296,34.44,710.4/sq mi (274.3/km2)
Mahomet,Village,"9,434",9.722,25.18,970.4/sq mi (374.7/km2)
Manhattan,Village,"9,385",6.681,17.3,"1,404.7/sq mi (542.4/km2)"
Bethalto,Village,"9,310",7.591,19.66,"1,226.5/sq mi (473.5/km2)"
Riverside,Village,"9,298",1.978,5.12,"4,700.7/sq mi (1,815.0/km2)"
Sugar Grove,Village,"9,278",11.748,30.43,789.8/sq mi (304.9/km2)
Willowbrook,Village,"9,236",2.572,6.66,"3,591.0/sq mi (1,386.5/km2)"
Manteno,Village,"9,210",5.344,13.84,"1,723.4/sq mi (665.4/km2)"
Lynwood,Village,"9,116",4.964,12.86,"1,836.4/sq mi (709.0/km2)"
Harwood Heights,Village,"9,065",0.825,2.14,"10,987.9/sq mi (4,242.4/km2)"
Hawthorn Woods,Village,"9,062",8.046,20.84,"1,126.3/sq mi (434.9/km2)"
Monmouth,City,"8,902",4.242,10.99,"2,098.5/sq mi (810.3/km2)"
Savoy,Village,"8,857",3.233,8.37,"2,739.6/sq mi (1,057.8/km2)"
Glencoe,Village,"8,849",3.718,9.63,"2,380.0/sq mi (918.9/km2)"
Rock Falls,City,"8,789",3.983,10.32,"2,206.6/sq mi (852.0/km2)"
Mascoutah,City,"8,754",9.578,24.81,914.0/sq mi (352.9/km2)
Lake Villa,Village,"8,741",6.515,16.87,"1,341.7/sq mi (518.0/km2)"
Clarendon Hills,Village,"8,702",1.81,4.69,"4,807.7/sq mi (1,856.3/km2)"
Olney,City,"8,701",6.931,17.95,"1,255.4/sq mi (484.7/km2)"
Glenwood,Village,"8,662",3.264,8.45,"2,653.8/sq mi (1,024.6/km2)"
Crete,Village,"8,465",9.409,24.37,899.7/sq mi (347.4/km2)
Long Grove,Village,"8,366",12.387,32.08,675.4/sq mi (260.8/km2)
Gilberts,Village,"8,366",5.489,14.22,"1,524.1/sq mi (588.5/km2)"
Jerseyville,City,"8,337",5.237,13.56,"1,591.9/sq mi (614.7/km2)"
Hillside,Village,"8,320",3.168,8.21,"2,626.3/sq mi (1,014.0/km2)"
Paris,City,"8,291",5.676,14.7,"1,460.7/sq mi (564.0/km2)"
Maryville,Village,"8,221",5.676,14.7,"1,448.4/sq mi (559.2/km2)"
Harrisburg,City,"8,219",6.612,17.13,"1,243.0/sq mi (479.9/km2)"
Oak Brook,Village,"8,163",7.959,20.61,"1,025.6/sq mi (396.0/km2)"
Island Lake,Village,"8,051",3.348,8.67,"2,404.7/sq mi (928.5/km2)"
Silvis,City,"8,003",4.285,11.1,"1,867.7/sq mi (721.1/km2)"
Broadview,Village,"7,998",1.777,4.6,"4,500.8/sq mi (1,737.8/km2)"
South Beloit,City,"7,989",6.144,15.91,"1,300.3/sq mi (502.0/km2)"
Lincolnshire,Village,"7,940",4.559,11.81,"1,741.6/sq mi (672.4/km2)"
Park City,City,"7,885",1.157,3,"6,815.0/sq mi (2,631.3/km2)"
Rockton,Village,"7,863",6.862,17.77,"1,145.9/sq mi (442.4/km2)"
Princeton,City,"7,832",8.24,21.34,950.5/sq mi (367.0/km2)
West Dundee,Village,"7,686",3.637,9.42,"2,113.3/sq mi (815.9/km2)"
Round Lake Park,Village,"7,680",2.063,5.34,"3,722.7/sq mi (1,437.4/km2)"
Hampshire,Village,"7,667",9.505,24.62,806.6/sq mi (311.4/km2)
Inverness,Village,"7,616",6.534,16.92,"1,165.6/sq mi (450.0/km2)"
Marengo,City,"7,568",8.536,22.11,886.6/sq mi (342.3/km2)
Vandalia,City,"7,458",8.147,21.1,915.4/sq mi (353.4/km2)
North Riverside,Village,"7,426",1.644,4.26,"4,517.0/sq mi (1,744.0/km2)"
Salem,City,"7,282",6.991,18.11,"1,041.6/sq mi (402.2/km2)"
West Frankfort,City,"7,275",4.98,12.9,"1,460.8/sq mi (564.0/km2)"
Sandwich,City,"7,221",4.736,12.27,"1,524.7/sq mi (588.7/km2)"
Robinson,City,"7,150",4.699,12.17,"1,521.6/sq mi (587.5/km2)"
University Park,Village,"7,145",10.727,27.78,666.1/sq mi (257.2/km2)
Stickney,Village,"7,110",1.924,4.98,"3,695.4/sq mi (1,426.8/km2)"
Murphysboro,City,"7,093",5.248,13.59,"1,351.6/sq mi (521.8/km2)"
Greenville,City,"7,083",6.309,16.34,"1,122.7/sq mi (433.5/km2)"
Mendota,City,"7,061",5.056,13.09,"1,396.6/sq mi (539.2/km2)"
Calumet Park,Village,"7,025",1.117,2.89,"6,289.2/sq mi (2,428.3/km2)"
Mount Carmel,City,"7,015",4.809,12.46,"1,458.7/sq mi (563.2/km2)"
Clinton,City,"7,004",3.572,9.25,"1,960.8/sq mi (757.1/km2)"
Orland Hills,Village,"6,893",1.145,2.97,"6,020.1/sq mi (2,324.4/km2)"
Chester,City,"6,814",5.806,15.04,"1,173.6/sq mi (453.1/km2)"
Benton,City,"6,709",5.48,14.19,"1,224.3/sq mi (472.7/km2)"
Winthrop Harbor,Village,"6,705",4.637,12.01,"1,446.0/sq mi (558.3/km2)"
Litchfield,City,"6,605",8.989,23.28,734.8/sq mi (283.7/km2)
Geneseo,City,"6,539",4.646,12.03,"1,407.4/sq mi (543.4/km2)"
Countryside,City,"6,420",2.878,7.45,"2,230.7/sq mi (861.3/km2)"
Johnsburg,Village,"6,355",7.163,18.55,887.2/sq mi (342.5/km2)
Braidwood,City,"6,194",5.296,13.72,"1,169.6/sq mi (451.6/km2)"
Lakemoor,Village,"6,182",5.263,13.63,"1,174.6/sq mi (453.5/km2)"
Elburn,Village,"6,175",3.608,9.34,"1,711.5/sq mi (660.8/km2)"
Chillicothe,City,"6,128",5.274,13.66,"1,161.9/sq mi (448.6/km2)"
Volo,Village,"6,122",3.915,10.14,"1,563.7/sq mi (603.8/km2)"
Mount Zion,Village,"6,019",4.227,10.95,"1,423.9/sq mi (549.8/km2)"
Metropolis,City,"5,969",6.02,15.59,991.5/sq mi (382.8/km2)
Beardstown,City,"5,951",3.619,9.37,"1,644.4/sq mi (634.9/km2)"
Bartonville,Village,"5,945",8.05,20.85,738.5/sq mi (285.1/km2)
Monticello,City,"5,941",3.852,9.98,"1,542.3/sq mi (595.5/km2)"
Peoria Heights,Village,"5,908",2.492,6.45,"2,370.8/sq mi (915.4/km2)"
Hillsboro,City,"5,902",8.262,21.4,714.4/sq mi (275.8/km2)
Pontoon Beach,Village,"5,876",9.96,25.8,590.0/sq mi (227.8/km2)
Willow Springs,Village,"5,857",4.155,10.76,"1,409.6/sq mi (544.3/km2)"
Carterville,City,"5,848",5.266,13.64,"1,110.5/sq mi (428.8/km2)"
Du Quoin,City,"5,827",6.979,18.08,834.9/sq mi (322.4/km2)
East Alton,Village,"5,786",5.318,13.77,"1,088.0/sq mi (420.1/km2)"
Northfield,Village,"5,751",3.23,8.37,"1,780.5/sq mi (687.5/km2)"
Carlinville,City,"5,710",3.369,8.73,"1,694.9/sq mi (654.4/km2)"
Coal City,Village,"5,705",5.617,14.55,"1,015.7/sq mi (392.2/km2)"
Wilmington,City,"5,664",13.803,35.75,410.3/sq mi (158.4/km2)
Posen,Village,"5,632",1.169,3.03,"4,817.8/sq mi (1,860.2/km2)"
Lake Bluff,Village,"5,616",4.075,10.55,"1,378.2/sq mi (532.1/km2)"
Spring Valley,City,"5,582",7.356,19.05,758.8/sq mi (293.0/km2)
Spring Grove,Village,"5,487",9.046,23.43,606.6/sq mi (234.2/km2)
Berkeley,Village,"5,338",1.402,3.63,"3,807.4/sq mi (1,470.1/km2)"
Genoa,City,"5,298",2.59,6.71,"2,045.6/sq mi (789.8/km2)"
Eureka,City,"5,227",2.684,6.95,"1,947.5/sq mi (751.9/km2)"
Pana,City,"5,199",3.855,9.98,"1,348.6/sq mi (520.7/km2)"
Monee,Village,"5,128",4.472,11.58,"1,146.7/sq mi (442.7/km2)"
Lake Barrington,Village,"5,100",5.736,14.86,889.1/sq mi (343.3/km2)
Milan,Village,"5,097",6.254,16.2,815.0/sq mi (314.7/km2)
South Barrington,Village,"5,077",7.427,19.24,683.6/sq mi (263.9/km2)
Highwood,City,"5,074",0.721,1.87,"7,037.4/sq mi (2,717.2/km2)"
Pinckneyville,City,"5,066",4.106,10.63,"1,233.8/sq mi (476.4/km2)"
Staunton,City,"5,054",3.974,10.29,"1,271.8/sq mi (491.0/km2)"
Poplar Grove,Village,"5,049",7.663,19.85,658.9/sq mi (254.4/km2)
Colona,City,"5,045",3.818,9.89,"1,321.4/sq mi (510.2/km2)"
Creve Coeur,Village,"4,934",4.231,10.96,"1,166.2/sq mi (450.3/km2)"
Hoopeston,City,"4,915",3.686,9.55,"1,333.4/sq mi (514.8/km2)"
Palos Park,Village,"4,899",6.445,16.69,760.1/sq mi (293.5/km2)
Fairfield,City,"4,883",4.028,10.43,"1,212.3/sq mi (468.1/km2)"
Carmi,City,"4,865",2.589,6.71,"1,879.1/sq mi (725.5/km2)"
Marseilles,City,"4,845",9.08,23.52,533.6/sq mi (206.0/km2)
Flora,City,"4,803",4.69,12.15,"1,024.1/sq mi (395.4/km2)"
Olympia Fields,Village,"4,718",2.939,7.61,"1,605.3/sq mi (619.8/km2)"
Beecher,Village,"4,713",2.728,7.07,"1,727.6/sq mi (667.0/km2)"
Fox River Grove,Village,"4,702",1.711,4.43,"2,748.1/sq mi (1,061.0/km2)"
Lebanon,City,"4,691",2.695,6.98,"1,740.6/sq mi (672.1/km2)"
Watseka,City,"4,679",2.944,7.62,"1,589.3/sq mi (613.6/km2)"
Shelbyville,City,"4,674",4.076,10.56,"1,146.7/sq mi (442.7/km2)"
Sherman,Village,"4,673",3.127,8.1,"1,494.4/sq mi (577.0/km2)"
Breese,City,"4,641",2.669,6.91,"1,738.9/sq mi (671.4/km2)"
Tuscola,City,"4,636",2.878,7.45,"1,610.8/sq mi (621.9/km2)"
Robbins,Village,"4,629",1.449,3.75,"3,194.6/sq mi (1,233.4/km2)"
Freeburg,Village,"4,582",6.836,17.71,670.3/sq mi (258.8/km2)
Stone Park,Village,"4,576",0.344,0.89,"13,302.3/sq mi (5,136.1/km2)"
Auburn,City,"4,574",4.124,10.68,"1,109.1/sq mi (428.2/km2)"
Paxton,City,"4,450",3.036,7.86,"1,465.7/sq mi (565.9/km2)"
Sullivan,City,"4,413",2.769,7.17,"1,593.7/sq mi (615.3/km2)"
Caseyville,Village,"4,400",7.266,18.82,605.6/sq mi (233.8/km2)
Cortland,Town,"4,398",3.649,9.45,"1,205.3/sq mi (465.4/km2)"
Hometown,City,"4,343",0.479,1.24,"9,066.8/sq mi (3,500.7/km2)"
Anna,City,"4,303",3.558,9.22,"1,209.4/sq mi (466.9/km2)"
Lakewood,Village,"4,283",4.587,11.88,933.7/sq mi (360.5/km2)
West Peoria,City,"4,263",2.106,5.45,"2,024.2/sq mi (781.6/km2)"
Centreville[a],City,"4,232",4.167,10.79,"1,015.6/sq mi (392.1/km2)"
Pittsfield,City,"4,206",4.782,12.39,879.5/sq mi (339.6/km2)
Lawrenceville,City,"4,164",2.164,5.6,"1,924.2/sq mi (742.9/km2)"
Peotone,Village,"4,150",2.001,5.18,"2,074.0/sq mi (800.8/km2)"
Green Oaks,Village,"4,128",3.985,10.32,"1,035.9/sq mi (400.0/km2)"
Barrington Hills,Village,"4,114",27.004,69.94,152.3/sq mi (58.8/km2)
Sparta,City,"4,095",11.17,28.93,366.6/sq mi (141.5/km2)
Kildeer,Village,"4,091",4.23,10.96,967.1/sq mi (373.4/km2)
Morrison,City,"4,085",2.518,6.52,"1,622.3/sq mi (626.4/km2)"
Millstadt,Village,"4,071",3.491,9.04,"1,166.1/sq mi (450.2/km2)"
Indian Head Park,Village,"4,065",0.93,2.41,"4,371.0/sq mi (1,687.6/km2)"
Burnham,Village,"4,046",1.855,4.8,"2,181.1/sq mi (842.1/km2)"
Dwight,Village,"4,032",3.297,8.54,"1,222.9/sq mi (472.2/km2)"
South Chicago Heights,Village,"4,026",1.581,4.09,"2,546.5/sq mi (983.2/km2)"
Smithton,Village,"4,006",4.435,11.49,903.3/sq mi (348.8/km2)
Dupo,Village,"3,996",6.377,16.52,626.6/sq mi (241.9/km2)
Wonder Lake,Village,"3,973",4.964,12.86,800.4/sq mi (309.0/km2)
Rosemont,Village,"3,952",1.792,4.64,"2,205.4/sq mi (851.5/km2)"
Marshall,City,"3,947",3.666,9.49,"1,076.7/sq mi (415.7/km2)"
Metamora,Village,"3,904",2.263,5.86,"1,725.1/sq mi (666.1/km2)"
Coal Valley,Village,"3,873",3.112,8.06,"1,244.5/sq mi (480.5/km2)"
Rochester,Village,"3,863",2.646,6.85,"1,459.9/sq mi (563.7/km2)"
St. Joseph,Village,"3,810",2.083,5.39,"1,829.1/sq mi (706.2/km2)"
Red Bud,City,"3,804",2.623,6.79,"1,450.2/sq mi (559.9/km2)"
Riverwoods,Village,"3,790",3.967,10.27,955.4/sq mi (368.9/km2)
Byron,City,"3,784",4.65,12.04,813.8/sq mi (314.2/km2)
Eldorado,City,"3,743",2.503,6.48,"1,495.4/sq mi (577.4/km2)"
Forsyth,Village,"3,734",3.13,8.11,"1,193.0/sq mi (460.6/km2)"
Oglesby,City,"3,712",4.992,12.93,743.6/sq mi (287.1/km2)
Deer Park,Village,"3,681",3.654,9.46,"1,007.4/sq mi (389.0/km2)"
Fulton,City,"3,647",2.338,6.06,"1,559.9/sq mi (602.3/km2)"
Fairbury,City,"3,633",1.809,4.69,"2,008.3/sq mi (775.4/km2)"
Aledo,City,"3,633",2.368,6.13,"1,534.2/sq mi (592.4/km2)"
Tolono,Village,"3,604",2.061,5.34,"1,748.7/sq mi (675.2/km2)"
Oregon,City,"3,604",1.927,4.99,"1,870.3/sq mi (722.1/km2)"
Hainesville,Village,"3,546",1.847,4.78,"1,919.9/sq mi (741.3/km2)"
Riverton,Village,"3,532",3.121,8.08,"1,131.7/sq mi (436.9/km2)"
Wadsworth,Village,"3,517",9.857,25.53,356.8/sq mi (137.8/km2)
Le Roy,City,"3,512",2.404,6.23,"1,460.9/sq mi (564.1/km2)"
Gibson City,City,"3,475",2.321,6.01,"1,497.2/sq mi (578.1/km2)"
New Baden,Village,"3,428",1.825,4.73,"1,878.4/sq mi (725.2/km2)"
Germantown Hills,Village,"3,412",1.636,4.24,"2,085.6/sq mi (805.2/km2)"
Johnston City,City,"3,384",2.116,5.48,"1,599.2/sq mi (617.5/km2)"
Galena,City,"3,308",4.492,11.63,736.4/sq mi (284.3/km2)
South Jacksonville,Village,"3,302",2.273,5.89,"1,452.7/sq mi (560.9/km2)"
Carlyle,City,"3,253",3.425,8.87,949.8/sq mi (366.7/km2)
Virden,City,"3,231",1.889,4.89,"1,710.4/sq mi (660.4/km2)"
Sleepy Hollow,Village,"3,214",2.019,5.23,"1,591.9/sq mi (614.6/km2)"
North Barrington,Village,"3,171",4.712,12.2,673.0/sq mi (259.8/km2)
Madison,City,"3,171",13.955,36.14,227.2/sq mi (87.7/km2)
Gillespie,City,"3,168",1.484,3.84,"2,134.8/sq mi (824.2/km2)"
Westville,Village,"3,167",1.678,4.35,"1,887.4/sq mi (728.7/km2)"
East Dundee,Village,"3,152",2.839,7.35,"1,110.3/sq mi (428.7/km2)"
Georgetown,City,"3,143",1.616,4.19,"1,944.9/sq mi (750.9/km2)"
Momence,City,"3,117",1.569,4.06,"1,986.6/sq mi (767.0/km2)"
Nashville,City,"3,105",3.079,7.97,"1,008.4/sq mi (389.4/km2)"
Rushville,City,"3,005",1.652,4.28,"1,819.0/sq mi (702.3/km2)"
Dixmoor,Village,"2,973",1.249,3.23,"2,380.3/sq mi (919.0/km2)"
Havana,City,"2,963",2.776,7.19,"1,067.4/sq mi (412.1/km2)"
Abingdon,City,"2,951",1.425,3.69,"2,070.9/sq mi (799.6/km2)"
Winnebago,Village,"2,940",1.934,5.01,"1,520.2/sq mi (586.9/km2)"
Arcola,City,"2,927",2.023,5.24,"1,446.9/sq mi (558.6/km2)"
Cherry Valley,Village,"2,905",8.405,21.77,345.6/sq mi (133.4/km2)
Knoxville,City,"2,901",2.35,6.09,"1,234.5/sq mi (476.6/km2)"
Mount Morris,Village,"2,861",1.56,4.04,"1,834.0/sq mi (708.1/km2)"
Heyworth,Village,"2,791",3.026,7.84,922.3/sq mi (356.1/km2)
Savanna,City,"2,783",2.616,6.78,"1,063.8/sq mi (410.8/km2)"
Newton,City,"2,777",2.088,5.41,"1,330.0/sq mi (513.5/km2)"
Lena,Village,"2,772",2.651,6.87,"1,045.6/sq mi (403.7/km2)"
El Paso,City,"2,756",2.145,5.56,"1,284.8/sq mi (496.1/km2)"
Hamilton,City,"2,753",3.561,9.22,773.1/sq mi (298.5/km2)
Oakbrook Terrace,City,"2,751",1.306,3.38,"2,106.4/sq mi (813.3/km2)"
Bushnell,City,"2,718",2.117,5.48,"1,283.9/sq mi (495.7/km2)"
Christopher,City,"2,697",1.622,4.2,"1,662.8/sq mi (642.0/km2)"
Trenton,City,"2,690",1.88,4.87,"1,430.9/sq mi (552.5/km2)"
Pawnee,Village,"2,678",1.332,3.45,"2,010.5/sq mi (776.3/km2)"
McLeansboro,City,"2,675",2.817,7.3,949.6/sq mi (366.6/km2)
Tilton,Village,"2,660",3.788,9.81,702.2/sq mi (271.1/km2)
Diamond,Village,"2,640",1.9,4.92,"1,389.5/sq mi (536.5/km2)"
Sumner,City,"2,631",1.398,3.62,"1,882.0/sq mi (726.6/km2)"
Round Lake Heights,Village,"2,622",0.575,1.49,"4,560.0/sq mi (1,760.6/km2)"
Washington Park,Village,"2,592",2.521,6.53,"1,028.2/sq mi (397.0/km2)"
Marquette Heights,City,"2,541",0.974,2.52,"2,608.8/sq mi (1,007.3/km2)"
Kenilworth,Village,"2,514",0.607,1.57,"4,141.7/sq mi (1,599.1/km2)"
Davis Junction,Village,"2,512",4.2,10.88,598.1/sq mi (230.9/km2)
Carthage,City,"2,490",2.491,6.45,999.6/sq mi (385.9/km2)
Carrollton,City,"2,485",1.902,4.93,"1,306.5/sq mi (504.4/km2)"
Villa Grove,City,"2,472",1.502,3.89,"1,645.8/sq mi (635.4/km2)"
Galva,City,"2,470",2.755,7.14,896.6/sq mi (346.2/km2)
Sheridan,Village,"2,431",2.121,5.49,"1,146.2/sq mi (442.5/km2)"
Casey,City,"2,404",2.263,5.86,"1,062.3/sq mi (410.2/km2)"
Farmington,City,"2,389",1.505,3.9,"1,587.4/sq mi (612.9/km2)"
Thornton,Village,"2,386",2.375,6.15,"1,004.6/sq mi (387.9/km2)"
Seneca,Village,"2,353",6.417,16.62,366.7/sq mi (141.6/km2)
Aviston,Village,"2,340",1.6,4.14,"1,462.5/sq mi (564.7/km2)"
Henry,City,"2,320",1.797,4.65,"1,291.0/sq mi (498.5/km2)"
White Hall,City,"2,295",2.577,6.67,890.6/sq mi (343.9/km2)
Polo,City,"2,291",1.334,3.46,"1,717.4/sq mi (663.1/km2)"
Wayne,Village,"2,286",5.73,14.84,399.0/sq mi (154.0/km2)
Amboy,City,"2,278",6.368,16.49,357.7/sq mi (138.1/km2)
Tremont,Village,"2,277",1.12,2.9,"2,033.0/sq mi (785.0/km2)"
Fairmont City,Village,"2,265",6.205,16.07,365.0/sq mi (140.9/km2)
Petersburg,City,"2,258",1.562,4.05,"1,445.6/sq mi (558.1/km2)"
Arthur,Village,"2,231",1.337,3.46,"1,668.7/sq mi (644.3/km2)"
Elwood,Village,"2,229",13.641,35.33,163.4/sq mi (63.1/km2)
Brighton,Village,"2,221",1.921,4.98,"1,156.2/sq mi (446.4/km2)"
Altamont,City,"2,216",1.489,3.86,"1,488.2/sq mi (574.6/km2)"
Nokomis,City,"2,142",1.261,3.27,"1,698.7/sq mi (655.9/km2)"
Pecatonica,Village,"2,090",1.283,3.32,"1,629.0/sq mi (629.0/km2)"
Lexington,City,"2,090",2.047,5.3,"1,021.0/sq mi (394.2/km2)"
Richmond,Village,"2,089",4.29,11.11,486.9/sq mi (188.0/km2)
Cambridge,Village,"2,086",1.991,5.16,"1,047.7/sq mi (404.5/km2)"
Mason City,City,"2,077",1.014,2.63,"2,048.3/sq mi (790.9/km2)"
Oakwood Hills,Village,"2,076",1.088,2.82,"1,908.1/sq mi (736.7/km2)"
Fisher,Village,"2,062",1.33,3.44,"1,550.4/sq mi (598.6/km2)"
Elmwood,City,"2,058",1.396,3.62,"1,474.2/sq mi (569.2/km2)"
Lewistown,City,"2,041",2,5.18,"1,020.5/sq mi (394.0/km2)"
Mount Olive,City,"2,015",1.153,2.99,"1,747.6/sq mi (674.8/km2)"
Rockdale,Village,"2,012",1.411,3.65,"1,425.9/sq mi (550.6/km2)"
Mount Sterling,City,"2,006",1.108,2.87,"1,810.5/sq mi (699.0/km2)"
Hinckley,Village,"2,006",0.847,2.19,"2,368.4/sq mi (914.4/km2)"
Catlin,Village,"1,983",0.849,2.2,"2,335.7/sq mi (901.8/km2)"
Athens,City,"1,977",1.682,4.36,"1,175.4/sq mi (453.8/km2)"
Albion,City,"1,971",2.136,5.53,922.8/sq mi (356.3/km2)
Merrionette Park,Village,"1,969",0.375,0.97,"5,250.7/sq mi (2,027.3/km2)"
Prairie Grove,Village,"1,963",5.677,14.7,345.8/sq mi (133.5/km2)
Roanoke,Village,"1,960",0.939,2.43,"2,087.3/sq mi (805.9/km2)"
New Athens,Village,"1,955",2.112,5.47,925.7/sq mi (357.4/km2)
Prophetstown,City,"1,946",1.339,3.47,"1,453.3/sq mi (561.1/km2)"
Steeleville,Village,"1,930",1.523,3.94,"1,267.2/sq mi (489.3/km2)"
Minonk,City,"1,928",2.4,6.22,803.3/sq mi (310.2/km2)
South Roxana,Village,"1,891",2.158,5.59,876.3/sq mi (338.3/km2)
Sesser,City,"1,888",1.03,2.67,"1,833.0/sq mi (707.7/km2)"
Mackinaw,Village,"1,879",1.189,3.08,"1,580.3/sq mi (610.2/km2)"
Lacon,City,"1,878",1.6,4.14,"1,173.8/sq mi (453.2/km2)"
Bellevue,Village,"1,878",2.224,5.76,844.4/sq mi (326.0/km2)
Carbon Cliff,Village,"1,846",2.095,5.43,881.1/sq mi (340.2/km2)
Marissa,Village,"1,833",7.212,18.68,254.2/sq mi (98.1/km2)
Farmer City,City,"1,828",2.395,6.2,763.3/sq mi (294.7/km2)
Ford Heights,Village,"1,813",1.946,5.04,931.7/sq mi (359.7/km2)
Bridgeport,City,"1,800",1.072,2.78,"1,679.1/sq mi (648.3/km2)"
Somonauk,Village,"1,786",2.488,6.44,717.8/sq mi (277.2/km2)
Girard,City,"1,785",0.934,2.42,"1,911.1/sq mi (737.9/km2)"
Hampton,Village,"1,779",1.461,3.78,"1,217.7/sq mi (470.1/km2)"
Moweaqua,Village,"1,764",2.123,5.5,830.9/sq mi (320.8/km2)
Orion,Village,"1,754",0.944,2.44,"1,858.1/sq mi (717.4/km2)"
Hudson,Village,"1,753",0.818,2.12,"2,143.0/sq mi (827.4/km2)"
Gilman,City,"1,738",2.433,6.3,714.3/sq mi (275.8/km2)
Cairo,City,"1,733",6.987,18.1,248.0/sq mi (95.8/km2)
Stockton,Village,"1,728",1.877,4.86,920.6/sq mi (355.5/km2)
Chenoa,City,"1,720",2.43,6.29,707.8/sq mi (273.3/km2)
Jonesboro,City,"1,711",2.7,6.99,633.7/sq mi (244.7/km2)
Phoenix,Village,"1,708",0.464,1.2,"3,681.0/sq mi (1,421.3/km2)"
Jerome,Village,"1,692",0.462,1.2,"3,662.3/sq mi (1,414.0/km2)"
Carrier Mills,Village,"1,672",1.208,3.13,"1,384.1/sq mi (534.4/km2)"
Atlanta,City,"1,669",1.249,3.23,"1,336.3/sq mi (515.9/km2)"
Port Byron,Village,"1,668",2.428,6.29,687.0/sq mi (265.2/km2)
Kirkland,Village,"1,650",1.226,3.18,"1,345.8/sq mi (519.6/km2)"
Ina,Village,"1,641",2.405,6.23,682.3/sq mi (263.4/km2)
Princeville,Village,"1,636",1.695,4.39,965.2/sq mi (372.7/km2)
De Pue,Village,"1,633",2.775,7.19,588.5/sq mi (227.2/km2)
Bunker Hill,City,"1,630",1.274,3.3,"1,279.4/sq mi (494.0/km2)"
Teutopolis,Village,"1,618",2.043,5.29,792.0/sq mi (305.8/km2)
Earlville,City,"1,613",1.201,3.11,"1,343.0/sq mi (518.6/km2)"
Thomson,Village,"1,610",2.219,5.75,725.6/sq mi (280.1/km2)
Dunlap,Village,"1,603",2.308,5.98,694.5/sq mi (268.2/km2)
Southern View,Village,"1,596",0.647,1.68,"2,466.8/sq mi (952.4/km2)"
Port Barrington,Village,"1,584",1.16,3,"1,365.5/sq mi (527.2/km2)"
Roodhouse,City,"1,578",1.127,2.92,"1,400.2/sq mi (540.6/km2)"
Maroa,City,"1,577",1.763,4.57,894.5/sq mi (345.4/km2)
Winchester,City,"1,574",1.129,2.92,"1,394.2/sq mi (538.3/km2)"
Delavan,City,"1,568",1.44,3.73,"1,088.9/sq mi (420.4/km2)"
Alorton[a],Village,"1,566",1.808,4.68,866.2/sq mi (334.4/km2)
Limestone,Village,"1,558",2.622,6.79,594.2/sq mi (229.4/km2)
Manito,Village,"1,552",1.513,3.92,"1,025.8/sq mi (396.1/km2)"
Grayville,City,"1,550",2.127,5.51,728.7/sq mi (281.4/km2)
Mount Pulaski,City,"1,537",1.134,2.94,"1,355.4/sq mi (523.3/km2)"
Herscher,Village,"1,521",1.813,4.7,838.9/sq mi (323.9/km2)
Erie,Village,"1,518",1.38,3.57,"1,100.0/sq mi (424.7/km2)"
Virginia,City,"1,514",1.207,3.13,"1,254.3/sq mi (484.3/km2)"
Warsaw,City,"1,510",6.52,16.89,231.6/sq mi (89.4/km2)
East Dubuque,City,"1,505",2.742,7.1,548.9/sq mi (211.9/km2)
Cambria,Village,"1,505",1.415,3.66,"1,063.6/sq mi (410.7/km2)"
Lanark,City,"1,504",1.121,2.9,"1,341.7/sq mi (518.0/km2)"
Hodgkins,Village,"1,500",2.712,7.02,553.1/sq mi (213.6/km2)
Venice,City,"1,498",1.849,4.79,810.2/sq mi (312.8/km2)
Zeigler,City,"1,484",1.359,3.52,"1,092.0/sq mi (421.6/km2)"
Bement,Village,"1,484",0.778,2.02,"1,907.5/sq mi (736.5/km2)"
Mount Carroll,City,"1,479",2.003,5.19,738.4/sq mi (285.1/km2)
North Pekin,Village,"1,478",1.392,3.61,"1,061.8/sq mi (410.0/km2)"
Benld,City,"1,464",1.06,2.75,"1,381.1/sq mi (533.3/km2)"
Gridley,Village,"1,456",1.233,3.19,"1,180.9/sq mi (455.9/km2)"
Roxana,Village,"1,454",7.101,18.39,204.8/sq mi (79.1/km2)
Leland Grove,City,"1,454",0.628,1.63,"2,315.3/sq mi (893.9/km2)"
Crainville,Village,"1,443",1.653,4.28,873.0/sq mi (337.1/km2)
Forreston,Village,"1,435",0.943,2.44,"1,521.7/sq mi (587.5/km2)"
Waterman,Village,"1,433",1.451,3.76,987.6/sq mi (381.3/km2)
Maple Park,Village,"1,433",2.154,5.58,665.3/sq mi (256.9/km2)
Williamsville,Village,"1,425",1.548,4.01,920.5/sq mi (355.4/km2)
De Soto,Village,"1,407",0.912,2.36,"1,542.8/sq mi (595.7/km2)"
Grandview,Village,"1,405",0.335,0.87,"4,194.0/sq mi (1,619.3/km2)"
Neoga,City,"1,398",1.39,3.6,"1,005.8/sq mi (388.3/km2)"
Capron,Village,"1,395",0.768,1.99,"1,816.4/sq mi (701.3/km2)"
Philo,Village,"1,392",0.829,2.15,"1,679.1/sq mi (648.3/km2)"
Durand,Village,"1,390",0.919,2.38,"1,512.5/sq mi (584.0/km2)"
New Berlin,Village,"1,381",1.13,2.93,"1,222.1/sq mi (471.9/km2)"
Oblong,Village,"1,371",1.086,2.81,"1,262.4/sq mi (487.4/km2)"
Okawville,Village,"1,369",2.025,5.24,676.0/sq mi (261.0/km2)
Hebron,Village,"1,368",1.931,5,708.4/sq mi (273.5/km2)
Gardner,Village,"1,366",2.912,7.54,469.1/sq mi (181.1/km2)
Greenup,Village,"1,365",1.75,4.53,780.0/sq mi (301.2/km2)
Granville,Village,"1,359",1.307,3.39,"1,039.8/sq mi (401.5/km2)"
St. Jacob,Village,"1,358",0.832,2.15,"1,632.2/sq mi (630.2/km2)"
Clifton,Village,"1,352",0.93,2.41,"1,453.8/sq mi (561.3/km2)"
Kincaid,Village,"1,349",0.817,2.12,"1,651.2/sq mi (637.5/km2)"
Vienna,City,"1,343",2.837,7.35,473.4/sq mi (182.8/km2)
Toluca,City,"1,340",1.062,2.75,"1,261.8/sq mi (487.2/km2)"
Onarga,Village,"1,333",1.674,4.34,796.3/sq mi (307.5/km2)
Oakwood,Village,"1,325",0.928,2.4,"1,427.8/sq mi (551.3/km2)"
Germantown,Village,"1,324",1.014,2.63,"1,305.7/sq mi (504.1/km2)"
Warren,Village,"1,323",1.033,2.68,"1,280.7/sq mi (494.5/km2)"
North Utica,Village,"1,323",3.455,8.95,382.9/sq mi (147.8/km2)
Cerro Gordo,Village,"1,316",0.729,1.89,"1,805.2/sq mi (697.0/km2)"
Chrisman,City,"1,312",0.719,1.86,"1,824.8/sq mi (704.5/km2)"
Walnut,Village,"1,311",0.801,2.07,"1,636.7/sq mi (631.9/km2)"
Harristown,Village,"1,310",1.797,4.65,729.0/sq mi (281.5/km2)
Barry,City,"1,303",1.432,3.71,909.9/sq mi (351.3/km2)
Wyoming,City,"1,300",0.854,2.21,"1,522.2/sq mi (587.7/km2)"
East Hazel Crest,Village,"1,297",0.784,2.03,"1,654.3/sq mi (638.7/km2)"
Grant Park,Village,"1,294",3.413,8.84,379.1/sq mi (146.4/km2)
Ladd,Village,"1,263",1.209,3.13,"1,044.7/sq mi (403.3/km2)"
Long Creek,Village,"1,261",2.825,7.32,446.4/sq mi (172.3/km2)
Bethany,Village,"1,255",0.977,2.53,"1,284.5/sq mi (496.0/km2)"
St. Elmo,City,"1,254",1.483,3.84,845.6/sq mi (326.5/km2)
Hanna City,Village,"1,253",1.278,3.31,980.4/sq mi (378.5/km2)
Valmeyer,Village,"1,233",3.417,8.85,360.8/sq mi (139.3/km2)
Palestine,Village,"1,233",0.789,2.04,"1,562.7/sq mi (603.4/km2)"
Tower Lakes,Village,"1,226",0.919,2.38,"1,334.1/sq mi (515.1/km2)"
Hillcrest,Village,"1,224",3.549,9.19,344.9/sq mi (133.2/km2)
Rossville,Village,"1,221",1.398,3.62,873.4/sq mi (337.2/km2)
Ashland,Village,"1,218",0.748,1.94,"1,628.3/sq mi (628.7/km2)"
Sidney,Village,"1,208",0.624,1.62,"1,935.9/sq mi (747.5/km2)"
Downs,Village,"1,201",2.966,7.68,404.9/sq mi (156.3/km2)
Waverly,City,"1,194",1.036,2.68,"1,152.5/sq mi (445.0/km2)"
Toulon,City,"1,193",1.017,2.63,"1,173.1/sq mi (452.9/km2)"
Hartford,Village,"1,185",5.166,13.38,229.4/sq mi (88.6/km2)
Chatsworth,Town,"1,185",2.757,7.14,429.8/sq mi (166.0/km2)
Cuba,City,"1,184",0.543,1.41,"2,180.5/sq mi (841.9/km2)"
Andalusia,Village,"1,184",1.175,3.04,"1,007.7/sq mi (389.1/km2)"
Macon,City,"1,177",1.451,3.76,811.2/sq mi (313.2/km2)
La Harpe,City,"1,175",1.364,3.53,861.4/sq mi (332.6/km2)
Toledo,Village,"1,161",0.888,2.3,"1,307.4/sq mi (504.8/km2)"
St. Anne,Village,"1,161",0.83,2.15,"1,398.8/sq mi (540.1/km2)"
Milford,Village,"1,158",0.671,1.74,"1,725.8/sq mi (666.3/km2)"
Sandoval,Village,"1,157",0.996,2.58,"1,161.6/sq mi (448.5/km2)"
Assumption,City,"1,155",0.99,2.56,"1,166.7/sq mi (450.5/km2)"
Minier,Village,"1,154",0.569,1.47,"2,028.1/sq mi (783.1/km2)"
Norris City,Village,"1,145",1.172,3.04,977.0/sq mi (377.2/km2)
Malta,Village,"1,143",0.612,1.59,"1,867.6/sq mi (721.1/km2)"
Divernon,Village,"1,139",0.763,1.98,"1,492.8/sq mi (576.4/km2)"
Louisville,Village,"1,136",0.828,2.14,"1,372.0/sq mi (529.7/km2)"
Oquawka,Village,"1,134",1.469,3.8,772.0/sq mi (298.1/km2)
Blue Mound,Village,"1,133",0.585,1.52,"1,936.8/sq mi (747.8/km2)"
Bull Valley,Village,"1,128",9.128,23.64,123.6/sq mi (47.7/km2)
Camp Point,Village,"1,121",1.134,2.94,988.5/sq mi (381.7/km2)
Albers,Village,"1,121",0.846,2.19,"1,325.1/sq mi (511.6/km2)"
Martinsville,City,"1,118",2.021,5.23,553.2/sq mi (213.6/km2)
Atwood,Village,"1,116",0.614,1.59,"1,817.6/sq mi (701.8/km2)"
Third Lake,Village,"1,111",0.586,1.52,"1,895.9/sq mi (732.0/km2)"
Warrensburg,Village,"1,110",0.728,1.89,"1,524.7/sq mi (588.7/km2)"
Kingston,Village,"1,108",0.984,2.55,"1,126.0/sq mi (434.8/km2)"
Colchester,City,"1,108",1.15,2.98,963.5/sq mi (372.0/km2)
Big Rock,Village,"1,104",4.318,11.18,255.7/sq mi (98.7/km2)
Central City,Village,"1,098",0.565,1.46,"1,943.4/sq mi (750.3/km2)"
Griggsville,City,"1,097",1.106,2.86,991.9/sq mi (383.0/km2)
Worden,Village,"1,096",0.713,1.85,"1,537.2/sq mi (593.5/km2)"
Danvers,Village,"1,089",0.803,2.08,"1,356.2/sq mi (523.6/km2)"
Edinburg,Village,"1,085",0.625,1.62,"1,736.0/sq mi (670.3/km2)"
"Windsor, Shelby County, Illinois",City,"1,079",0.63,1.63,"1,712.7/sq mi (661.3/km2)"
Stillman Valley,Village,"1,075",0.57,1.48,"1,886.0/sq mi (728.2/km2)"
Cobden,Village,"1,074",1.219,3.16,881.1/sq mi (340.2/km2)
Homer,Village,"1,073",0.98,2.54,"1,094.9/sq mi (422.7/km2)"
Lovington,Village,"1,069",0.544,1.41,"1,965.1/sq mi (758.7/km2)"
Royalton,Village,"1,068",1.115,2.89,957.8/sq mi (369.8/km2)
Goreville,Village,"1,068",2.686,6.96,397.6/sq mi (153.5/km2)
Greenfield,City,"1,059",1.714,4.44,617.9/sq mi (238.6/km2)
Shawneetown,City,"1,054",0.734,1.9,"1,436.0/sq mi (554.4/km2)"
Chebanse,Village,"1,044",1.19,3.08,877.3/sq mi (338.7/km2)
Forrest,Village,"1,041",0.648,1.68,"1,606.5/sq mi (620.3/km2)"
Thomasboro,Village,"1,034",0.995,2.58,"1,039.2/sq mi (401.2/km2)"
Washburn,Village,"1,032",0.72,1.86,"1,433.3/sq mi (553.4/km2)"
Lily Lake,Village,"1,032",2.717,7.04,379.8/sq mi (146.7/km2)
Milledgeville,Village,"1,026",0.69,1.79,"1,487.0/sq mi (574.1/km2)"
Payson,Village,"1,025",1.17,3.03,876.1/sq mi (338.3/km2)
Bannockburn,Village,"1,013",2.028,5.25,499.5/sq mi (192.9/km2)
Flanagan,Village,"1,010",0.574,1.49,"1,759.6/sq mi (679.4/km2)"
Odell,Village,"1,003",1.077,2.79,931.3/sq mi (359.6/km2)
Morrisonville,Village,997,1.035,2.68,963.3/sq mi (371.9/km2)
South Pekin,Village,996,0.515,1.33,"1,934.0/sq mi (746.7/km2)"
Colfax,Village,996,0.553,1.43,"1,801.1/sq mi (695.4/km2)"
Wayne City,Village,994,1.722,4.46,577.2/sq mi (222.9/km2)
McCullom Lake,Village,988,0.347,0.9,"2,847.3/sq mi (1,099.3/km2)"
Wamac,City,985,1.405,3.64,701.1/sq mi (270.7/km2)
Rosiclare,City,980,1.939,5.02,505.4/sq mi (195.1/km2)
Mazon,Village,979,0.602,1.56,"1,626.2/sq mi (627.9/km2)"
Wenona,City,974,0.736,1.91,"1,323.4/sq mi (511.0/km2)"
Energy,Village,974,1.194,3.09,815.7/sq mi (315.0/km2)
Newark,Village,973,1.124,2.91,865.7/sq mi (334.2/km2)
Ashton,Village,967,0.67,1.74,"1,443.3/sq mi (557.3/km2)"
Sheldon,Village,965,0.753,1.95,"1,281.5/sq mi (494.8/km2)"
Atkinson,Town,965,1.921,4.98,502.3/sq mi (194.0/km2)
Rapids City,Village,964,1.626,4.21,592.9/sq mi (228.9/km2)
Leland,Village,951,0.534,1.38,"1,780.9/sq mi (687.6/km2)"
Nauvoo,City,950,3.386,8.77,280.6/sq mi (108.3/km2)
Raymond,Village,949,1.258,3.26,754.4/sq mi (291.3/km2)
Goodfield,Village,936,1.622,4.2,577.1/sq mi (222.8/km2)
Odin,Village,935,1.003,2.6,932.2/sq mi (359.9/km2)
Hamel,Village,929,1.19,3.08,780.7/sq mi (301.4/km2)
Astoria,Town,929,0.586,1.52,"1,585.3/sq mi (612.1/km2)"
Mansfield,Village,928,0.508,1.32,"1,826.8/sq mi (705.3/km2)"
Pleasant Hill,Village,924,0.765,1.98,"1,207.8/sq mi (466.4/km2)"
Beckemeyer,Village,923,0.613,1.59,"1,505.7/sq mi (581.4/km2)"
Argenta,Village,913,0.653,1.69,"1,398.2/sq mi (539.8/km2)"
Marine,Village,912,0.746,1.93,"1,222.5/sq mi (472.0/km2)"
Ramsey,Village,911,1.111,2.88,820.0/sq mi (316.6/km2)
Gifford,Village,911,0.444,1.15,"2,051.8/sq mi (792.2/km2)"
Timberlane,Village,906,1.746,4.52,518.9/sq mi (200.3/km2)
Percy,Village,906,0.979,2.54,925.4/sq mi (357.3/km2)
Franklin Grove,Village,896,0.467,1.21,"1,918.6/sq mi (740.8/km2)"
Roseville,Village,892,0.739,1.91,"1,207.0/sq mi (466.0/km2)"
Oreana,Village,891,0.468,1.21,"1,903.8/sq mi (735.1/km2)"
Dieterich,Village,890,1.366,3.54,651.5/sq mi (251.6/km2)
Wyanet,Village,886,0.946,2.45,936.6/sq mi (361.6/km2)
Annawan,Town,884,2.135,5.53,414.1/sq mi (159.9/km2)
Mendon,Village,872,0.857,2.22,"1,017.5/sq mi (392.9/km2)"
Viola,Village,869,0.838,2.17,"1,037.0/sq mi (400.4/km2)"
Glasford,Village,866,0.908,2.35,953.7/sq mi (368.2/km2)
Albany,Village,864,1.071,2.77,806.7/sq mi (311.5/km2)
Shabbona,Village,863,1.283,3.32,672.6/sq mi (259.7/km2)
Hanover,Village,863,1.122,2.91,769.2/sq mi (297.0/km2)
Ridgway,Village,851,0.88,2.28,967.0/sq mi (373.4/km2)
Clay City,Village,847,1.782,4.62,475.3/sq mi (183.5/km2)
Illiopolis,Village,846,0.677,1.75,"1,249.6/sq mi (482.5/km2)"
Ringwood,Village,844,3.864,10.01,218.4/sq mi (84.3/km2)
Essex,Village,841,2.327,6.03,361.4/sq mi (139.5/km2)
Elkville,Village,838,0.767,1.99,"1,092.6/sq mi (421.8/km2)"
Stonington,Village,837,0.457,1.18,"1,831.5/sq mi (707.1/km2)"
Coulterville,Village,834,0.569,1.47,"1,465.7/sq mi (565.9/km2)"
Stronghurst,Village,833,0.873,2.26,954.2/sq mi (368.4/km2)
Paw Paw,Village,830,0.572,1.48,"1,451.0/sq mi (560.3/km2)"
Hopedale,Village,830,0.882,2.28,941.0/sq mi (363.3/km2)
Galatia,Village,827,1.952,5.06,423.7/sq mi (163.6/km2)
Meredosia,Village,826,0.864,2.24,956.0/sq mi (369.1/km2)
Sheffield,Village,821,1.169,3.03,702.3/sq mi (271.2/km2)
Cissna Park,Village,817,0.725,1.88,"1,126.9/sq mi (435.1/km2)"
Loami,Village,812,1.012,2.62,802.4/sq mi (309.8/km2)
Pleasant Plains,Village,808,1.335,3.46,605.2/sq mi (233.7/km2)
Dallas City,City,805,2.374,6.15,339.1/sq mi (130.9/km2)
Spaulding,Village,801,0.75,1.94,"1,068.0/sq mi (412.4/km2)"
Shannon,Village,801,0.482,1.25,"1,661.8/sq mi (641.6/km2)"
Hardin,Village,801,2.128,5.51,376.4/sq mi (145.3/km2)
New Milford,Village,794,2.543,6.59,312.2/sq mi (120.6/km2)
Enfield,Village,794,1.011,2.62,785.4/sq mi (303.2/km2)
Alexis,Village,793,0.475,1.23,"1,669.5/sq mi (644.6/km2)"
Forest View,Village,792,1.168,3.03,678.1/sq mi (261.8/km2)
Pearl City,Village,790,0.641,1.66,"1,232.4/sq mi (475.9/km2)"
Ridge Farm,Village,787,3.056,7.92,257.5/sq mi (99.4/km2)
West Salem,Village,786,1.56,4.04,503.8/sq mi (194.5/km2)
Witt,City,785,1.237,3.2,634.6/sq mi (245.0/km2)
Newman,City,778,0.613,1.59,"1,269.2/sq mi (490.0/km2)"
Brimfield,Village,778,0.821,2.13,947.6/sq mi (365.9/km2)
Hennepin,Village,769,5.307,13.75,144.9/sq mi (55.9/km2)
Orangeville,Village,766,0.676,1.75,"1,133.1/sq mi (437.5/km2)"
Hurst,City,764,0.887,2.3,861.3/sq mi (332.6/km2)
Livingston,Village,763,1.04,2.69,733.7/sq mi (283.3/km2)
East Galesburg,Village,763,1.365,3.54,559.0/sq mi (215.8/km2)
Woodhull,Village,754,0.882,2.28,854.9/sq mi (330.1/km2)
Tilden,Village,750,0.975,2.53,769.2/sq mi (297.0/km2)
Ashkum,Village,750,0.835,2.16,898.2/sq mi (346.8/km2)
Tonica,Village,749,1.363,3.53,549.5/sq mi (212.2/km2)
Piper City,Village,745,0.555,1.44,"1,342.3/sq mi (518.3/km2)"
Greenview,Village,745,0.859,2.22,867.3/sq mi (334.9/km2)
Wataga,Village,744,0.829,2.15,897.5/sq mi (346.5/km2)
McLean,Village,743,1.177,3.05,631.3/sq mi (243.7/km2)
Tiskilwa,Village,740,0.517,1.34,"1,431.3/sq mi (552.6/km2)"
Oakland,City,739,0.783,2.03,943.8/sq mi (364.4/km2)
Kinmundy,City,733,1.198,3.1,611.9/sq mi (236.2/km2)
Ogden,Village,729,0.588,1.52,"1,239.8/sq mi (478.7/km2)"
Brookport,City,725,0.653,1.69,"1,110.3/sq mi (428.7/km2)"
Taylor Springs,Village,724,1.05,2.72,689.5/sq mi (266.2/km2)
Braceville,Village,724,3.111,8.06,232.7/sq mi (89.9/km2)
Stewardson,Village,721,0.61,1.58,"1,182.0/sq mi (456.4/km2)"
South Wilmington,Village,710,0.492,1.27,"1,443.1/sq mi (557.2/km2)"
Matherville,Village,707,0.391,1.01,"1,808.2/sq mi (698.1/km2)"
Avon,Village,704,0.444,1.15,"1,585.6/sq mi (612.2/km2)"
Pocahontas,Village,697,0.783,2.03,890.2/sq mi (343.7/km2)
Oneida,City,696,0.763,1.98,912.2/sq mi (352.2/km2)
Elizabeth,Village,694,0.9,2.33,771.1/sq mi (297.7/km2)
Sherrard,Village,692,0.928,2.4,745.7/sq mi (287.9/km2)
Brownstown,Village,690,0.76,1.97,907.9/sq mi (350.5/km2)
Tampico,Village,689,0.394,1.02,"1,748.7/sq mi (675.2/km2)"
Potomac,Village,689,0.488,1.26,"1,411.9/sq mi (545.1/km2)"
Farmersville,Village,689,0.703,1.82,980.1/sq mi (378.4/km2)
La Moille,Village,679,1.156,2.99,587.4/sq mi (226.8/km2)
Kirkwood,Village,678,0.939,2.43,722.0/sq mi (278.8/km2)
Bradford,Village,676,0.398,1.03,"1,698.5/sq mi (655.8/km2)"
Alpha,Village,675,0.309,0.8,"2,184.5/sq mi (843.4/km2)"
Cordova,Village,671,0.574,1.49,"1,169.0/sq mi (451.3/km2)"
Kansas,Village,670,1.022,2.65,655.6/sq mi (253.1/km2)
Windsor,Village,668,0.438,1.13,"1,525.1/sq mi (588.8/km2)"
Watson,Village,668,1.092,2.83,611.7/sq mi (236.2/km2)
Deer Creek,Village,667,0.535,1.39,"1,246.7/sq mi (481.4/km2)"
Findlay,Village,664,0.924,2.39,718.6/sq mi (277.5/km2)
Aroma Park,Village,664,1.882,4.87,352.8/sq mi (136.2/km2)
Dalzell,Village,663,0.82,2.12,808.5/sq mi (312.2/km2)
Cedarville,Village,663,0.459,1.19,"1,444.4/sq mi (557.7/km2)"
Mechanicsburg,Village,662,1.036,2.68,639.0/sq mi (246.7/km2)
Mounds,City,661,1.207,3.13,547.6/sq mi (211.4/km2)
Dongola,Village,661,1.088,2.82,607.5/sq mi (234.6/km2)
West City,Village,656,1.608,4.16,408.0/sq mi (157.5/km2)
Saybrook,Village,654,0.802,2.08,815.5/sq mi (314.9/km2)
Brooklyn,Village,649,0.811,2.1,800.2/sq mi (309.0/km2)
Golden,Village,648,0.642,1.66,"1,009.3/sq mi (389.7/km2)"
Coffeen,City,647,1.161,3.01,557.3/sq mi (215.2/km2)
Yates City,Village,642,0.493,1.28,"1,302.2/sq mi (502.8/km2)"
Clayton,Village,639,0.884,2.29,722.9/sq mi (279.1/km2)
Ashmore,Village,637,0.805,2.08,791.3/sq mi (305.5/km2)
Bartelso,Village,635,0.431,1.12,"1,473.3/sq mi (568.9/km2)"
Cisne,Village,634,0.63,1.63,"1,006.3/sq mi (388.6/km2)"
Noble,Village,633,1.017,2.63,622.4/sq mi (240.3/km2)
Thayer,Village,632,0.61,1.58,"1,036.1/sq mi (400.0/km2)"
Green Valley,Village,630,0.301,0.78,"2,093.0/sq mi (808.1/km2)"
Golconda,City,630,0.51,1.32,"1,235.3/sq mi (476.9/km2)"
Bluford,Village,630,1.561,4.04,403.6/sq mi (155.8/km2)
St. Libory,Village,628,0.972,2.52,646.1/sq mi (249.5/km2)
Creston,Village,627,1.146,2.97,547.1/sq mi (211.2/km2)
Grafton,City,626,3.712,9.61,168.6/sq mi (65.1/km2)
Crossville,Village,623,0.64,1.66,973.4/sq mi (375.8/km2)
Alhambra,Village,622,0.756,1.96,822.8/sq mi (317.7/km2)
Holiday Hills,Village,618,0.934,2.42,661.7/sq mi (255.5/km2)
Bluffs,Village,618,0.893,2.31,692.0/sq mi (267.2/km2)
Woodlawn,Village,617,0.852,2.21,724.2/sq mi (279.6/km2)
Millington,Village,617,0.708,1.83,871.5/sq mi (336.5/km2)
New Boston,City,613,0.941,2.44,651.4/sq mi (251.5/km2)
Niantic,Village,612,1.039,2.69,589.0/sq mi (227.4/km2)
Fairmount,Village,612,0.317,0.82,"1,930.6/sq mi (745.4/km2)"
Franklin,Village,610,0.829,2.15,735.8/sq mi (284.1/km2)
Ursa,Village,609,0.69,1.79,882.6/sq mi (340.8/km2)
Palmyra,Village,605,0.999,2.59,605.6/sq mi (233.8/km2)
Bedford Park,Village,602,5.934,15.37,101.4/sq mi (39.2/km2)
Stanford,Village,600,0.662,1.71,906.3/sq mi (349.9/km2)
Hopkins Park,Village,597,4.137,10.71,144.3/sq mi (55.7/km2)
Danforth,Village,594,0.478,1.24,"1,242.7/sq mi (479.8/km2)"
Davis,Village,589,0.405,1.05,"1,454.3/sq mi (561.5/km2)"
Bismarck,Village,582,0.743,1.92,783.3/sq mi (302.4/km2)
Irvington,Village,581,1.01,2.62,575.2/sq mi (222.1/km2)
Willisville,Village,579,0.389,1.01,"1,488.4/sq mi (574.7/km2)"
Williamsfield,Village,575,1.231,3.19,467.1/sq mi (180.3/km2)
Vermont,Village,570,1.258,3.26,453.1/sq mi (174.9/km2)
Blandinsville,Village,569,0.875,2.27,650.3/sq mi (251.1/km2)
St. Francisville,City,568,0.745,1.93,762.4/sq mi (294.4/km2)
Murrayville,Village,567,0.496,1.28,"1,143.1/sq mi (441.4/km2)"
Godley,Village,566,1.083,2.8,522.6/sq mi (201.8/km2)
Pittsburg,Village,565,2.065,5.35,273.6/sq mi (105.6/km2)
Damiansville,Village,564,0.822,2.13,686.1/sq mi (264.9/km2)
Schram City,Village,563,0.674,1.75,835.3/sq mi (322.5/km2)
Andover,Village,555,0.991,2.57,560.0/sq mi (216.2/km2)
Valier,Village,554,1.124,2.91,492.9/sq mi (190.3/km2)
Ava,City,553,1.057,2.74,523.2/sq mi (202.0/km2)
Augusta,Village,553,0.691,1.79,800.3/sq mi (309.0/km2)
Crescent City,Village,552,0.456,1.18,"1,210.5/sq mi (467.4/km2)"
Union,Village,551,0.836,2.17,659.1/sq mi (254.5/km2)
Pesotum,Village,550,0.569,1.47,966.6/sq mi (373.2/km2)
Keithsburg,City,550,2.558,6.63,215.0/sq mi (83.0/km2)
Carlock,Village,548,0.395,1.02,"1,387.3/sq mi (535.7/km2)"
Makanda,Village,547,5.281,13.68,103.6/sq mi (40.0/km2)
Evansville,Village,547,0.788,2.04,694.2/sq mi (268.0/km2)
Tamaroa,Village,544,0.958,2.48,567.8/sq mi (219.2/km2)
Liberty,Village,543,0.391,1.01,"1,388.7/sq mi (536.2/km2)"
Farina,Village,540,1.457,3.77,370.6/sq mi (143.1/km2)
Equality,Village,539,0.877,2.27,614.6/sq mi (237.3/km2)
Lyndon,Village,537,0.757,1.96,709.4/sq mi (273.9/km2)
Wilsonville,Village,536,0.956,2.48,560.7/sq mi (216.5/km2)
Westfield,Village,536,0.978,2.53,548.1/sq mi (211.6/km2)
Indian Creek,Village,536,0.267,0.69,"2,007.5/sq mi (775.1/km2)"
Burlington,Village,535,6.855,17.75,78.0/sq mi (30.1/km2)
Mettawa,Village,533,5.449,14.11,97.8/sq mi (37.8/km2)
Strasburg,Village,531,0.541,1.4,981.5/sq mi (379.0/km2)
Junction City,Village,527,0.684,1.77,770.5/sq mi (297.5/km2)
Chandlerville,Village,527,0.794,2.06,663.7/sq mi (256.3/km2)
Mound City,City,526,0.675,1.75,779.3/sq mi (300.9/km2)
Patoka,Village,525,1.115,2.89,470.9/sq mi (181.8/km2)
St. David,Village,522,0.299,0.77,"1,745.8/sq mi (674.1/km2)"
Mulberry Grove,Village,520,1.003,2.6,518.4/sq mi (200.2/km2)
Hoyleton,Village,520,0.76,1.97,684.2/sq mi (264.2/km2)
Cullom,Village,520,0.335,0.87,"1,552.2/sq mi (599.3/km2)"
Mark,Village,519,1.065,2.76,487.3/sq mi (188.2/km2)
Elsah,Village,519,1.092,2.83,475.3/sq mi (183.5/km2)
Dawson,Village,519,0.792,2.05,655.3/sq mi (253.0/km2)
Trout Valley,Village,515,0.428,1.11,"1,203.3/sq mi (464.6/km2)"
Grand Ridge,Village,515,0.462,1.2,"1,114.7/sq mi (430.4/km2)"
Cowden,Village,515,0.402,1.04,"1,281.1/sq mi (494.6/km2)"
Golf,Village,514,0.448,1.16,"1,147.3/sq mi (443.0/km2)"
Wapella,Village,513,0.551,1.43,931.0/sq mi (359.5/km2)
Iuka,Village,512,0.733,1.9,698.5/sq mi (269.7/km2)
Shipman,Town,511,1.32,3.42,387.1/sq mi (149.5/km2)
North City,Village,509,2.171,5.62,234.5/sq mi (90.5/km2)
Hammond,Village,508,0.757,1.96,671.1/sq mi (259.1/km2)
Creal Springs,City,505,1.027,2.66,491.7/sq mi (189.9/km2)
Dahlgren,Village,504,1.017,2.63,495.6/sq mi (191.3/km2)
Prairie du Rocher,Village,502,0.571,1.48,879.2/sq mi (339.4/km2)
Dakota,Village,500,0.249,0.64,"2,008.0/sq mi (775.3/km2)"
Woodson,Village,498,0.394,1.02,"1,264.0/sq mi (488.0/km2)"
Reynolds,Village,498,0.368,0.95,"1,353.3/sq mi (522.5/km2)"
Congerville,Village,497,0.963,2.49,516.1/sq mi (199.3/km2)
Rankin,Village,495,0.579,1.5,854.9/sq mi (330.1/km2)
Buckley,Village,495,0.316,0.82,"1,566.5/sq mi (604.8/km2)"
Sidell,Village,489,0.927,2.4,527.5/sq mi (203.7/km2)
Fithian,Village,488,0.383,0.99,"1,274.2/sq mi (492.0/km2)"
Thompsonville,Village,486,2.031,5.26,239.3/sq mi (92.4/km2)
Tower Hill,Village,485,1.005,2.6,482.6/sq mi (186.3/km2)
Buda,Village,482,1.014,2.63,475.3/sq mi (183.5/km2)
Chadwick,Village,481,0.311,0.81,"1,546.6/sq mi (597.2/km2)"
San Jose,Village,479,0.414,1.07,"1,157.0/sq mi (446.7/km2)"
Grand Tower,City,479,1.248,3.23,383.8/sq mi (148.2/km2)
Hutsonville,Village,478,0.622,1.61,768.5/sq mi (296.7/km2)
Oak Grove,Village,476,0.658,1.7,723.4/sq mi (279.3/km2)
Chapin,Village,475,0.998,2.58,476.0/sq mi (183.8/km2)
Spring Bay,Village,474,0.683,1.77,694.0/sq mi (268.0/km2)
Dix,Village,469,2.074,5.37,226.1/sq mi (87.3/km2)
Lenzburg,Village,468,1.155,2.99,405.2/sq mi (156.4/km2)
Emden,Village,467,0.235,0.61,"1,987.2/sq mi (767.3/km2)"
Ullin,Village,466,2.811,7.28,165.8/sq mi (64.0/km2)
Ohio,Village,465,0.753,1.95,617.5/sq mi (238.4/km2)
Tovey,Village,464,0.223,0.58,"2,080.7/sq mi (803.4/km2)"
Bowen,Village,464,0.428,1.11,"1,084.1/sq mi (418.6/km2)"
Altona,Village,463,0.938,2.43,493.6/sq mi (190.6/km2)
Ashley,City,462,1.128,2.92,409.6/sq mi (158.1/km2)
St. Rose[c],Village,459,0.591,1.53,776.6/sq mi (299.9/km2)
Pierron,Village,459,0.734,1.9,625.3/sq mi (241.4/km2)
Allendale,Village,458,0.307,0.8,"1,491.9/sq mi (576.0/km2)"
Sun River Terrace,Village,455,0.573,1.48,794.1/sq mi (306.6/km2)
Dalton City,Village,454,0.534,1.38,850.2/sq mi (328.3/km2)
Mount Auburn,Village,452,0.997,2.58,453.4/sq mi (175.0/km2)
Kaneville,Village,452,0.285,0.74,"1,586.0/sq mi (612.3/km2)"
Camargo,Village,452,1.259,3.26,359.0/sq mi (138.6/km2)
Elkhart,Village,450,1.942,5.03,231.7/sq mi (89.5/km2)
Ipava,Village,447,0.268,0.69,"1,667.9/sq mi (644.0/km2)"
De Land,Village,447,0.424,1.1,"1,054.2/sq mi (407.0/km2)"
Buffalo,Village,447,0.345,0.89,"1,295.7/sq mi (500.3/km2)"
Versailles,Village,446,0.933,2.42,478.0/sq mi (184.6/km2)
Cornell,Village,446,0.654,1.69,682.0/sq mi (263.3/km2)
Hoffman,Village,439,0.506,1.31,867.6/sq mi (335.0/km2)
Norwood,Village,437,0.307,0.8,"1,423.5/sq mi (549.6/km2)"
Scales Mound,Village,436,0.628,1.63,694.3/sq mi (268.1/km2)
Plymouth,Village,436,0.565,1.46,771.7/sq mi (297.9/km2)
Cherry,Village,435,0.514,1.33,846.3/sq mi (326.8/km2)
Tallula,Village,434,0.531,1.38,817.3/sq mi (315.6/km2)
German Valley,Village,433,0.478,1.24,905.9/sq mi (349.8/km2)
Leaf River,Village,432,0.869,2.25,497.1/sq mi (191.9/km2)
Towanda,Village,431,0.744,1.93,579.3/sq mi (223.7/km2)
Tamms,Village,430,2.332,6.04,184.4/sq mi (71.2/km2)
Karnak,Village,430,1.806,4.68,238.1/sq mi (91.9/km2)
Sorento,Village,429,0.798,2.07,537.6/sq mi (207.6/km2)
Hecker,Village,429,0.253,0.66,"1,695.7/sq mi (654.7/km2)"
Beecher City,Village,428,0.895,2.32,478.2/sq mi (184.6/km2)
Neponset,Village,427,1.016,2.63,420.3/sq mi (162.3/km2)
Fairview,Village,426,4.215,10.92,101.1/sq mi (39.0/km2)
Lostant,Village,423,1.122,2.91,377.0/sq mi (145.6/km2)
Hopewell,Village,421,1.135,2.94,370.9/sq mi (143.2/km2)
Hillsdale,Village,417,0.648,1.68,643.5/sq mi (248.5/km2)
Melvin,Village,416,0.346,0.9,"1,202.3/sq mi (464.2/km2)"
Naplate,Village,412,0.16,0.41,"2,575.0/sq mi (994.2/km2)"
Benson,Village,412,0.163,0.42,"2,527.6/sq mi (975.9/km2)"
Monroe Center,Village,411,1.212,3.14,339.1/sq mi (130.9/km2)
Buckner,Village,409,0.872,2.26,469.0/sq mi (181.1/km2)
Waltonville,Village,408,1.24,3.21,329.0/sq mi (127.0/km2)
Prairie City,Village,407,1.008,2.61,403.8/sq mi (155.9/km2)
Saunemin,Village,406,0.231,0.6,"1,757.6/sq mi (678.6/km2)"
Keyesport,Village,406,0.72,1.86,563.9/sq mi (217.7/km2)
Lomax,Village,404,1.189,3.08,339.8/sq mi (131.2/km2)
Sadorus,Village,402,1.027,2.66,391.4/sq mi (151.1/km2)
New Haven,Village,399,1.244,3.22,320.7/sq mi (123.8/km2)
Industry,Village,399,0.46,1.19,867.4/sq mi (334.9/km2)
Edgewood,Village,398,1.013,2.62,392.9/sq mi (151.7/km2)
Hull,Village,392,1.825,4.73,214.8/sq mi (82.9/km2)
East Carondelet,Village,390,1.177,3.05,331.4/sq mi (127.9/km2)
Bondville,Village,388,0.251,0.65,"1,545.8/sq mi (596.8/km2)"
Waynesville,Village,381,0.319,0.83,"1,194.4/sq mi (461.1/km2)"
Xenia,Village,380,0.493,1.28,770.8/sq mi (297.6/km2)
Sublette,Village,380,0.321,0.83,"1,183.8/sq mi (457.1/km2)"
Medora,Village,379,0.38,0.98,997.4/sq mi (385.1/km2)
Varna,Village,375,0.297,0.77,"1,262.6/sq mi (487.5/km2)"
Bonnie,Village,374,1.275,3.3,293.3/sq mi (113.3/km2)
Irving,Village,373,0.897,2.32,415.8/sq mi (160.6/km2)
Joy,Village,372,0.428,1.11,869.2/sq mi (335.6/km2)
Carbon Hill,Village,372,0.178,0.46,"2,089.9/sq mi (806.9/km2)"
Weldon,Village,369,0.267,0.69,"1,382.0/sq mi (533.6/km2)"
Dowell,Village,368,0.39,1.01,943.6/sq mi (364.3/km2)
Arenzville,Village,367,0.768,1.99,477.9/sq mi (184.5/km2)
Sparland,Village,366,0.572,1.48,639.9/sq mi (247.1/km2)
Good Hope,Village,363,0.3,0.78,"1,210.0/sq mi (467.2/km2)"
Humboldt,Village,361,0.343,0.89,"1,052.5/sq mi (406.4/km2)"
Cutler,Village,361,0.468,1.21,771.4/sq mi (297.8/km2)
Herrick,Village,358,0.366,0.95,978.1/sq mi (377.7/km2)
Belgium,Village,358,0.434,1.12,824.9/sq mi (318.5/km2)
Loda,Village,356,1.467,3.8,242.7/sq mi (93.7/km2)
Jeffersonville,Village,355,1.012,2.62,350.8/sq mi (135.4/km2)
Bay View Gardens,Village,354,0.569,1.47,622.1/sq mi (240.2/km2)
Table Grove,Village,353,0.282,0.73,"1,251.8/sq mi (483.3/km2)"
Bonfield,Village,351,0.492,1.27,713.4/sq mi (275.5/km2)
New Douglas,Village,350,1.048,2.71,334.0/sq mi (128.9/km2)
London Mills,Village,350,0.684,1.77,511.7/sq mi (197.6/km2)
Joppa,Village,350,0.486,1.26,720.2/sq mi (278.1/km2)
Summerfield,Village,347,0.495,1.28,701.0/sq mi (270.7/km2)
Apple River,Village,347,0.705,1.83,492.2/sq mi (190.0/km2)
Bellflower,Village,346,0.361,0.93,958.4/sq mi (370.1/km2)
Roberts,Village,345,0.481,1.25,717.3/sq mi (276.9/km2)
Secor,Village,342,0.29,0.75,"1,179.3/sq mi (455.3/km2)"
Grantfork,Village,341,0.337,0.87,"1,011.9/sq mi (390.7/km2)"
Panama,Village,337,0.365,0.95,923.3/sq mi (356.5/km2)
New Canton,Town,334,0.881,2.28,379.1/sq mi (146.4/km2)
Martinton,Village,334,0.274,0.71,"1,219.0/sq mi (470.7/km2)"
Latham,Village,333,0.273,0.71,"1,219.8/sq mi (471.0/km2)"
Sigel,Town,329,0.281,0.73,"1,170.8/sq mi (452.1/km2)"
Middletown,Village,329,0.341,0.88,964.8/sq mi (372.5/km2)
Ellis Grove,Village,328,0.491,1.27,668.0/sq mi (257.9/km2)
Orient,City,327,0.745,1.93,438.9/sq mi (169.5/km2)
Hume,Village,325,0.566,1.47,574.2/sq mi (221.7/km2)
Greenwood,Village,324,2.632,6.82,123.1/sq mi (47.5/km2)
Mason,Town,323,1.287,3.33,251.0/sq mi (96.9/km2)
Flat Rock,Village,323,0.856,2.22,377.3/sq mi (145.7/km2)
St. Peter,Village,322,0.521,1.35,618.0/sq mi (238.6/km2)
Seatonville,Village,321,0.496,1.28,647.2/sq mi (249.9/km2)
Hanaford,Village,320,1.008,2.61,317.5/sq mi (122.6/km2)
Alto Pass,Village,319,2.134,5.53,149.5/sq mi (57.7/km2)
Malden,Village,318,0.272,0.7,"1,169.1/sq mi (451.4/km2)"
Alma,Village,318,1.132,2.93,280.9/sq mi (108.5/km2)
Coalton,Village,317,0.53,1.37,598.1/sq mi (230.9/km2)
Broadlands,Village,316,0.322,0.83,981.4/sq mi (378.9/km2)
Perry,Village,314,0.386,1,813.5/sq mi (314.1/km2)
Baldwin,Village,314,0.666,1.72,471.5/sq mi (182.0/km2)
Ruma,Village,313,0.742,1.92,421.8/sq mi (162.9/km2)
Lee,Village,313,0.198,0.51,"1,580.8/sq mi (610.4/km2)"
Easton,Village,312,0.24,0.62,"1,300.0/sq mi (501.9/km2)"
Mount Clare,Village,311,1.538,3.98,202.2/sq mi (78.1/km2)
Kenney,Village,311,0.282,0.73,"1,102.8/sq mi (425.8/km2)"
Kampsville,Village,310,1.02,2.64,303.9/sq mi (117.3/km2)
Armington,Village,310,0.285,0.74,"1,087.7/sq mi (420.0/km2)"
Campbell Hill,Village,309,0.462,1.2,668.8/sq mi (258.2/km2)
Belle Rive,Village,309,1.026,2.66,301.2/sq mi (116.3/km2)
Ransom,Village,308,0.999,2.59,308.3/sq mi (119.0/km2)
Ludlow,Village,308,0.397,1.03,775.8/sq mi (299.5/km2)
Beaverville,Village,306,0.275,0.71,"1,112.7/sq mi (429.6/km2)"
Fillmore,Village,305,1.016,2.63,300.2/sq mi (115.9/km2)
Fayetteville,Village,302,0.296,0.77,"1,020.3/sq mi (393.9/km2)"
Loraine,Village,300,0.844,2.19,355.5/sq mi (137.2/km2)
Ewing,Village,300,1.009,2.61,297.3/sq mi (114.8/km2)
Biggsville,Village,300,0.337,0.87,890.2/sq mi (343.7/km2)
Manlius,Village,298,0.319,0.83,934.2/sq mi (360.7/km2)
Kane,Village,296,0.544,1.41,544.1/sq mi (210.1/km2)
Royal,Village,293,0.183,0.47,"1,601.1/sq mi (618.2/km2)"
Rock City,Village,293,0.134,0.35,"2,186.6/sq mi (844.2/km2)"
Virgil,Village,289,2.183,5.65,132.4/sq mi (51.1/km2)
East Cape Girardeau,Village,289,1.961,5.08,147.4/sq mi (56.9/km2)
Sibley,Village,288,0.481,1.25,598.8/sq mi (231.2/km2)
Olmsted,Village,285,3.365,8.72,84.7/sq mi (32.7/km2)
Raleigh,Village,284,1.976,5.12,143.7/sq mi (55.5/km2)
Little York,Village,283,0.223,0.58,"1,269.1/sq mi (490.0/km2)"
Nebo,Village,282,0.434,1.12,649.8/sq mi (250.9/km2)
Winslow,Village,281,0.458,1.19,613.5/sq mi (236.9/km2)
Bureau Junction,Village,281,1.446,3.75,194.3/sq mi (75.0/km2)
Bath,Village,279,0.365,0.95,764.4/sq mi (295.1/km2)
Millbrook,Village,277,1.846,4.78,150.1/sq mi (57.9/km2)
Arrowsmith,Village,276,0.197,0.51,"1,401.0/sq mi (540.9/km2)"
New Holland,Village,275,0.31,0.8,887.1/sq mi (342.5/km2)
McNabb,Village,275,0.177,0.46,"1,553.7/sq mi (599.9/km2)"
Hindsboro,Village,275,0.269,0.7,"1,022.3/sq mi (394.7/km2)"
Elliott,Village,274,0.498,1.29,550.2/sq mi (212.4/km2)
Compton,Village,274,0.158,0.41,"1,734.2/sq mi (669.6/km2)"
Brocton,Village,273,0.572,1.48,477.3/sq mi (184.3/km2)
Plainville,Village,271,0.235,0.61,"1,153.2/sq mi (445.2/km2)"
Lisbon,Village,271,2.117,5.48,128.0/sq mi (49.4/km2)
East Gillespie,Village,269,0.319,0.83,843.3/sq mi (325.6/km2)
Victoria,Village,268,0.451,1.17,594.2/sq mi (229.4/km2)
Sawyerville,Village,268,0.988,2.56,271.3/sq mi (104.7/km2)
Freeman Spur,Village,268,0.399,1.03,671.7/sq mi (259.3/km2)
Kingston Mines,Village,266,1.444,3.74,184.2/sq mi (71.1/km2)
Henderson,Village,266,0.265,0.69,"1,003.8/sq mi (387.6/km2)"
Cedar Point,Village,266,1.021,2.64,260.5/sq mi (100.6/km2)
Manchester,Village,265,1.063,2.75,249.3/sq mi (96.3/km2)
Kilbourne,Village,265,0.889,2.3,298.1/sq mi (115.1/km2)
Ivesdale,Village,265,0.716,1.85,370.1/sq mi (142.9/km2)
Hartsburg,Village,262,0.15,0.39,"1,746.7/sq mi (674.4/km2)"
Dunfermline,Village,262,0.147,0.38,"1,782.3/sq mi (688.2/km2)"
Allerton,Village,262,0.679,1.76,385.9/sq mi (149.0/km2)
Mapleton,Village,261,0.885,2.29,294.9/sq mi (113.9/km2)
Rutland,Village,259,0.694,1.8,373.2/sq mi (144.1/km2)
Addieville,Village,259,0.993,2.57,260.8/sq mi (100.7/km2)
McClure,Village,256,1.528,3.96,167.5/sq mi (64.7/km2)
Magnolia,Village,256,0.313,0.81,817.9/sq mi (315.8/km2)
Cisco,Village,254,0.182,0.47,"1,395.6/sq mi (538.8/km2)"
Donovan,Village,251,0.328,0.85,765.2/sq mi (295.5/km2)
McCook,Village,249,2.614,6.77,95.3/sq mi (36.8/km2)
Woodland,Village,248,0.49,1.27,506.1/sq mi (195.4/km2)
Bellmont,Village,247,0.325,0.84,760.0/sq mi (293.4/km2)
Buckingham,Village,244,0.251,0.65,972.1/sq mi (375.3/km2)
Bush,Village,241,0.455,1.18,529.7/sq mi (204.5/km2)
Ste. Marie,Village,238,1.109,2.87,214.6/sq mi (82.9/km2)
Richview,Village,238,1.149,2.98,207.1/sq mi (80.0/km2)
Vergennes,Village,235,0.352,0.91,667.6/sq mi (257.8/km2)
Kangley,Village,235,0.261,0.68,900.4/sq mi (347.6/km2)
Oakford,Village,234,0.249,0.64,939.8/sq mi (362.8/km2)
Gladstone,Village,234,0.36,0.93,650.0/sq mi (251.0/km2)
Alvin,Village,233,0.793,2.05,293.8/sq mi (113.4/km2)
Cabery,Village,231,0.344,0.89,671.5/sq mi (259.3/km2)
Steward,Village,229,0.269,0.7,851.3/sq mi (328.7/km2)
Kappa,Village,229,0.357,0.92,641.5/sq mi (247.7/km2)
Cave-In-Rock,Village,228,0.374,0.97,609.6/sq mi (235.4/km2)
Indianola,Village,227,0.388,1,585.1/sq mi (225.9/km2)
Lerna,Village,226,0.115,0.3,"1,965.2/sq mi (758.8/km2)"
Troy Grove,Village,225,0.687,1.78,327.5/sq mi (126.5/km2)
Standard,Village,225,0.711,1.84,316.5/sq mi (122.2/km2)
Stonefort,Village,224,1.454,3.77,154.1/sq mi (59.5/km2)
Forest City,Village,222,0.523,1.35,424.5/sq mi (163.9/km2)
Plattville,Village,220,2.259,5.85,97.4/sq mi (37.6/km2)
Elizabethtown,Village,220,0.705,1.83,312.1/sq mi (120.5/km2)
Maquon,Village,218,0.162,0.42,"1,345.7/sq mi (519.6/km2)"
Gays,Village,218,0.386,1,564.8/sq mi (218.1/km2)
Cypress,Village,217,0.753,1.95,288.2/sq mi (111.3/km2)
Palmer,Village,216,0.995,2.58,217.1/sq mi (83.8/km2)
Thawville,Village,215,0.307,0.8,700.3/sq mi (270.4/km2)
Seaton,Village,214,1.579,4.09,135.5/sq mi (52.3/km2)
Sammons Point,Village,214,1.851,4.79,115.6/sq mi (44.6/km2)
Milton,Village,214,0.386,1,554.4/sq mi (214.1/km2)
Curran,Village,213,1.975,5.12,107.8/sq mi (41.6/km2)
White City,Village,212,1.212,3.14,174.9/sq mi (67.5/km2)
Bulpitt,Village,212,0.069,0.18,"3,072.5/sq mi (1,186.3/km2)"
Menominee,Village,211,1.914,4.96,110.2/sq mi (42.6/km2)
Montrose,Village,210,0.637,1.65,329.7/sq mi (127.3/km2)
Henning,Village,210,1.524,3.95,137.8/sq mi (53.2/km2)
Bardolph,Village,210,0.617,1.6,340.4/sq mi (131.4/km2)
Rio,Village,209,0.312,0.81,669.9/sq mi (258.6/km2)
Owaneco,Village,209,0.458,1.19,456.3/sq mi (176.2/km2)
Omaha,Village,209,0.744,1.93,280.9/sq mi (108.5/km2)
Verona,Village,208,0.165,0.43,"1,260.6/sq mi (486.7/km2)"
Thebes,Village,208,1.745,4.52,119.2/sq mi (46.0/km2)
Buncombe,Village,207,1.187,3.07,174.4/sq mi (67.3/km2)
Wellington,Village,206,0.238,0.62,865.5/sq mi (334.2/km2)
Mineral,Village,206,0.553,1.43,372.5/sq mi (143.8/km2)
Long Point,Village,204,0.185,0.48,"1,102.7/sq mi (425.8/km2)"
Vermilion,Village,203,0.546,1.41,371.8/sq mi (143.6/km2)
Clear Lake[b],Village,203,0.092,0.24,"2,206.5/sq mi (851.9/km2)"
Nilwood,Town,201,0.465,1.2,432.3/sq mi (166.9/km2)
Reddick,Village,199,0.239,0.62,832.6/sq mi (321.5/km2)
Oakdale,Village,199,1.582,4.1,125.8/sq mi (48.6/km2)
Nason,City,199,0.911,2.36,218.4/sq mi (84.3/km2)
Jewett,Village,196,1.005,2.6,195.0/sq mi (75.3/km2)
Alsey,Village,195,0.549,1.42,355.2/sq mi (137.1/km2)
Lake Ka-Ho,Village,194,0.284,0.74,683.1/sq mi (263.7/km2)
Smithfield,Village,191,0.465,1.2,410.8/sq mi (158.6/km2)
Kinderhook,Village,189,0.808,2.09,233.9/sq mi (90.3/km2)
Shumway,Village,188,0.332,0.86,566.3/sq mi (218.6/km2)
Parkersburg,Village,186,0.826,2.14,225.2/sq mi (86.9/km2)
Broughton,Village,185,1.89,4.9,97.9/sq mi (37.8/km2)
Ellsworth,Village,184,0.217,0.56,847.9/sq mi (327.4/km2)
Williamson,Village,183,1.171,3.03,156.3/sq mi (60.3/km2)
Radom,Village,183,1.048,2.71,174.6/sq mi (67.4/km2)
Caledonia,Village,183,1.035,2.68,176.8/sq mi (68.3/km2)
Modesto,Village,182,0.559,1.45,325.6/sq mi (125.7/km2)
Waggoner,Village,181,0.244,0.63,741.8/sq mi (286.4/km2)
Spillertown,Village,181,0.321,0.83,563.9/sq mi (217.7/km2)
Bone Gap,Village,181,0.583,1.51,310.5/sq mi (119.9/km2)
Hooppole,Village,180,0.372,0.96,483.9/sq mi (186.8/km2)
Harvel,Village,178,0.718,1.86,247.9/sq mi (95.7/km2)
Mill Shoals,Village,176,0.767,1.99,229.5/sq mi (88.6/km2)
Kempton,Village,176,0.165,0.43,"1,066.7/sq mi (411.8/km2)"
Fieldon,Village,176,0.202,0.52,871.3/sq mi (336.4/km2)
Rockbridge,Village,175,0.737,1.91,237.4/sq mi (91.7/km2)
New Minden,Village,175,0.277,0.72,631.8/sq mi (243.9/km2)
Du Bois,Village,175,1.052,2.72,166.3/sq mi (64.2/km2)
Keensburg,Village,174,0.26,0.67,669.2/sq mi (258.4/km2)
Norris,Village,173,0.283,0.73,611.3/sq mi (236.0/km2)
Kell,Village,173,1.002,2.6,172.7/sq mi (66.7/km2)
Gorham,Village,173,1.219,3.16,141.9/sq mi (54.8/km2)
Willow Hill,Village,172,1.039,2.69,165.5/sq mi (63.9/km2)
Baylis,Village,172,0.471,1.22,365.2/sq mi (141.0/km2)
Chesterfield,Village,170,0.541,1.4,314.2/sq mi (121.3/km2)
Batchtown,Village,170,1.863,4.83,91.3/sq mi (35.2/km2)
Banner,Village,169,1.29,3.34,131.0/sq mi (50.6/km2)
Arlington,Village,169,0.395,1.02,427.8/sq mi (165.2/km2)
Colp,Village,168,0.134,0.35,"1,253.7/sq mi (484.1/km2)"
Bryant,Village,168,0.248,0.64,677.4/sq mi (261.6/km2)
Royal Lakes,Village,167,0.466,1.21,358.4/sq mi (138.4/km2)
Coleta,Village,167,0.37,0.96,451.4/sq mi (174.3/km2)
Sims,Village,166,1.182,3.06,140.4/sq mi (54.2/km2)
Calhoun,Village,164,0.912,2.36,179.8/sq mi (69.4/km2)
Butler,Village,164,0.596,1.54,275.2/sq mi (106.2/km2)
St. Johns,Village,163,0.725,1.88,224.8/sq mi (86.8/km2)
Cleveland,Village,163,0.294,0.76,554.4/sq mi (214.1/km2)
Anchor,Village,163,0.171,0.44,953.2/sq mi (368.0/km2)
Old Mill Creek,Village,162,10.671,27.64,15.2/sq mi (5.9/km2)
North Henderson,Village,162,0.226,0.59,716.8/sq mi (276.8/km2)
Dana,Village,162,0.22,0.57,736.4/sq mi (284.3/km2)
Claremont,Village,161,0.793,2.05,203.0/sq mi (78.4/km2)
La Fayette,Village,160,0.189,0.49,846.6/sq mi (326.9/km2)
Huey,Village,160,0.216,0.56,740.7/sq mi (286.0/km2)
De Witt,Village,160,0.237,0.61,675.1/sq mi (260.7/km2)
Muncie,Village,157,0.179,0.46,877.1/sq mi (338.6/km2)
Cooksville,Village,157,0.217,0.56,723.5/sq mi (279.3/km2)
Smithboro,Village,154,0.932,2.41,165.2/sq mi (63.8/km2)
Pulaski,Village,154,1.31,3.39,117.6/sq mi (45.4/km2)
New Burnside,Village,153,1.045,2.71,146.4/sq mi (56.5/km2)
Donnellson,Village,153,0.37,0.96,413.5/sq mi (159.7/km2)
New Grand Chain,Village,150,1.043,2.7,143.8/sq mi (55.5/km2)
Maeystown,Village,150,0.298,0.77,503.4/sq mi (194.3/km2)
Concord,Village,150,0.249,0.64,602.4/sq mi (232.6/km2)
Coatsburg,Village,150,0.132,0.34,"1,136.4/sq mi (438.8/km2)"
Hettick,Village,149,0.365,0.95,408.2/sq mi (157.6/km2)
Eldred,Village,149,0.134,0.35,"1,111.9/sq mi (429.3/km2)"
Campus,Village,149,0.092,0.24,"1,619.6/sq mi (625.3/km2)"
Lima,Village,148,0.135,0.35,"1,096.3/sq mi (423.3/km2)"
Elvaston,Village,147,0.799,2.07,184.0/sq mi (71.0/km2)
Cantrall,Village,144,0.25,0.65,576.0/sq mi (222.4/km2)
Sauget,Village,141,4.581,11.86,30.8/sq mi (11.9/km2)
Oconee,Village,141,0.356,0.92,396.1/sq mi (152.9/km2)
Berlin,Village,141,0.891,2.31,158.2/sq mi (61.1/km2)
West Point,Village,140,0.168,0.44,833.3/sq mi (321.8/km2)
Metcalf,Village,139,0.594,1.54,234.0/sq mi (90.4/km2)
Littleton,Village,139,1.168,3.03,119.0/sq mi (45.9/km2)
Browns,Village,139,0.29,0.75,479.3/sq mi (185.1/km2)
Redmon,Village,137,0.145,0.38,944.8/sq mi (364.8/km2)
Broadwell,Village,136,0.18,0.47,755.6/sq mi (291.7/km2)
Standard City,Village,135,0.636,1.65,212.3/sq mi (82.0/km2)
Dover,Village,135,0.28,0.73,482.1/sq mi (186.2/km2)
Papineau,Village,133,0.208,0.54,639.4/sq mi (246.9/km2)
Iroquois,Village,133,0.567,1.47,234.6/sq mi (90.6/km2)
Dorchester,Village,133,0.722,1.87,184.2/sq mi (71.1/km2)
Allenville,Village,132,0.609,1.58,216.7/sq mi (83.7/km2)
West Brooklyn,Village,131,0.085,0.22,"1,541.2/sq mi (595.1/km2)"
Symerton,Village,128,0.157,0.41,815.3/sq mi (314.8/km2)
Nelson,Village,127,0.216,0.56,588.0/sq mi (227.0/km2)
Ferris,Village,127,1.967,5.09,64.6/sq mi (24.9/km2)
Ridott,Village,124,0.074,0.19,"1,675.7/sq mi (647.0/km2)"
Garrett,Village,122,0.108,0.28,"1,129.6/sq mi (436.2/km2)"
Venedy,Village,121,0.281,0.73,430.6/sq mi (166.3/km2)
New Salem,Village,121,1.049,2.72,115.3/sq mi (44.5/km2)
Media,Village,121,1.698,4.4,71.3/sq mi (27.5/km2)
Leonore,Village,121,0.089,0.23,"1,359.6/sq mi (524.9/km2)"
St. Augustine,Village,119,0.593,1.54,200.7/sq mi (77.5/km2)
Mound Station,Village,117,0.519,1.34,225.4/sq mi (87.0/km2)
Browning,Village,117,0.31,0.8,377.4/sq mi (145.7/km2)
Brussels,Village,116,0.558,1.45,207.9/sq mi (80.3/km2)
Eagarville,Village,114,0.911,2.36,125.1/sq mi (48.3/km2)
Columbus,Village,114,0.219,0.57,520.5/sq mi (201.0/km2)
Old Shawneetown,Village,113,0.51,1.32,221.6/sq mi (85.5/km2)
Glasgow,Village,113,1.011,2.62,111.8/sq mi (43.2/km2)
Bishop Hill,Village,113,0.532,1.38,212.4/sq mi (82.0/km2)
Longview,Village,112,0.247,0.64,453.4/sq mi (175.1/km2)
Hidalgo,Village,111,0.344,0.89,322.7/sq mi (124.6/km2)
Harmon,Village,111,0.149,0.39,745.0/sq mi (287.6/km2)
Ohlman,Village,109,0.322,0.83,338.5/sq mi (130.7/km2)
Stoy,Village,108,0.932,2.41,115.9/sq mi (44.7/km2)
Nora,Village,107,0.83,2.15,128.9/sq mi (49.8/km2)
Vernon,Village,103,0.882,2.28,116.8/sq mi (45.1/km2)
Pearl,Village,103,1.505,3.9,68.4/sq mi (26.4/km2)
Raritan,Village,102,0.095,0.25,"1,073.7/sq mi (414.6/km2)"
Jeisyville,Village,102,0.122,0.32,836.1/sq mi (322.8/km2)
Tennessee,Village,101,0.425,1.1,237.6/sq mi (91.8/km2)
Strawn,Village,101,0.51,1.32,198.0/sq mi (76.5/km2)
Springerton,Village,101,0.126,0.33,801.6/sq mi (309.5/km2)
Marietta,Village,101,0.273,0.71,370.0/sq mi (142.8/km2)
Emington,Village,101,0.083,0.21,"1,216.9/sq mi (469.8/km2)"
Naples,Town,100,0.605,1.57,165.3/sq mi (63.8/km2)
Pontoosuc,Village,99,1.406,3.64,70.4/sq mi (27.2/km2)
Hamburg,Village,99,0.522,1.35,189.7/sq mi (73.2/km2)
Eddyville,Village,99,0.281,0.73,352.3/sq mi (136.0/km2)
Russellville,Village,98,0.4,1.04,245.0/sq mi (94.6/km2)
Mount Erie,Village,98,0.384,0.99,255.2/sq mi (98.5/km2)
La Rose,Village,98,0.255,0.66,384.3/sq mi (148.4/km2)
Iola,Village,98,0.964,2.5,101.7/sq mi (39.3/km2)
Wheeler,Village,96,0.576,1.49,166.7/sq mi (64.4/km2)
Lynnville,Village,96,0.077,0.2,"1,246.8/sq mi (481.4/km2)"
Fidelity,Village,96,0.101,0.26,950.5/sq mi (367.0/km2)
Walnut Hill,Village,95,0.38,0.98,250.0/sq mi (96.5/km2)
Liverpool,Village,94,0.084,0.22,"1,119.0/sq mi (432.1/km2)"
Hillview,Village,94,0.816,2.11,115.2/sq mi (44.5/km2)
Scottville,Village,93,0.997,2.58,93.3/sq mi (36.0/km2)
Wilmington,Village,91,0.786,2.04,115.8/sq mi (44.7/km2)
Maunie,Village,91,0.159,0.41,572.3/sq mi (221.0/km2)
Kinsman,Village,90,0.068,0.18,"1,323.5/sq mi (511.0/km2)"
Sailor Springs,Village,89,0.26,0.67,342.3/sq mi (132.2/km2)
Rose Hill,Village,89,0.634,1.64,140.4/sq mi (54.2/km2)
Belknap,Village,88,1.057,2.74,83.3/sq mi (32.1/km2)
Otterville,Town,87,1.006,2.61,86.5/sq mi (33.4/km2)
Exeter,Village,87,0.69,1.79,126.1/sq mi (48.7/km2)
Ellisville,Village,87,0.271,0.7,321.0/sq mi (124.0/km2)
Old Ripley,Village,82,0.154,0.4,532.5/sq mi (205.6/km2)
East Brooklyn,Village,80,0.052,0.13,"1,538.5/sq mi (594.0/km2)"
Basco,Village,80,0.222,0.57,360.4/sq mi (139.1/km2)
Adeline,Village,78,0.266,0.69,293.2/sq mi (113.2/km2)
New Bedford,Village,76,0.155,0.4,490.3/sq mi (189.3/km2)
Detroit,Village,76,0.251,0.65,302.8/sq mi (116.9/km2)
Foosland,Village,75,0.069,0.18,"1,087.0/sq mi (419.7/km2)"
Johnsonville,Village,72,0.213,0.55,338.0/sq mi (130.5/km2)
Irwin,Village,68,0.045,0.12,"1,511.1/sq mi (583.4/km2)"
Yale,Village,67,0.575,1.49,116.5/sq mi (45.0/km2)
Golden Gate,Village,65,0.079,0.2,822.8/sq mi (317.7/km2)
El Dara,Village,63,1.011,2.62,62.3/sq mi (24.1/km2)
Camden,Village,62,0.761,1.97,81.5/sq mi (31.5/km2)
Walshville,Village,61,0.257,0.67,237.4/sq mi (91.6/km2)
Muddy,Village,61,0.303,0.78,201.3/sq mi (77.7/km2)
Topeka,Village,60,0.137,0.35,438.0/sq mi (169.1/km2)
Bingham,Village,60,0.274,0.71,219.0/sq mi (84.5/km2)
Mill Creek,Village,59,0.376,0.97,156.9/sq mi (60.6/km2)
Junction,Village,56,0.826,2.14,67.8/sq mi (26.2/km2)
Union Hill,Village,55,0.046,0.12,"1,195.7/sq mi (461.6/km2)"
Ripley,Village,53,0.379,0.98,139.8/sq mi (54.0/km2)
Keenes,Village,50,0.13,0.34,384.6/sq mi (148.5/km2)
Belle Prairie City,Town,49,0.438,1.13,111.9/sq mi (43.2/km2)
Panola,Village,47,0.429,1.11,109.6/sq mi (42.3/km2)
Simpson,Village,44,0.525,1.36,83.8/sq mi (32.4/km2)
La Prairie,Village,42,0.193,0.5,217.6/sq mi (84.0/km2)
Gulfport,Village,42,1.412,3.66,29.7/sq mi (11.5/km2)
Sciota,Village,38,0.312,0.81,121.8/sq mi (47.0/km2)
Deer Grove,Village,38,0.411,1.06,92.5/sq mi (35.7/km2)
Hollowayville,Village,36,0.049,0.13,734.7/sq mi (283.7/km2)
Burnt Prairie,Village,36,0.076,0.2,473.7/sq mi (182.9/km2)
Phillipstown,Village,34,0.27,0.7,125.9/sq mi (48.6/km2)
Wenonah,Village,32,1.514,3.92,21.1/sq mi (8.2/km2)
Rockwood,Village,32,0.212,0.55,150.9/sq mi (58.3/km2)
Macedonia,Village,30,0.266,0.69,112.8/sq mi (43.5/km2)
Bentley,Town,30,0.143,0.37,209.8/sq mi (81.0/km2)
Fults,Village,28,0.053,0.14,528.3/sq mi (204.0/km2)
Time,Village,26,0.254,0.66,102.4/sq mi (39.5/km2)
Kaskaskia,Village,21,0.106,0.27,198.1/sq mi (76.5/km2)
Florence,Village,17,0.276,0.71,61.6/sq mi (23.8/km2)
Valley City,Village,14,0.27,0.7,51.9/sq mi (20.0/km2)
,,,,,
,,,,,
